21-21704-57.wav	คนก็ไปเที่ยวกันเยอะนักท่องเที่ยวก็ยังคงไปท่องเที่ยวได้ตามปกตินะครับ
7-7291-1.wav	ตำรวจภูธรบ้านโป่งจังหวัดราชบุรีครับสนธิกำลังกันกับตำรวจทหารและฝ่ายปกครอง
7-7291-2.wav	ร่วมกันจับกุมหญิงสาวอายุเพียง16ปีครับซึ่งเป็นชาวจังหวัดกาญจนบุรี
21-21705-8.wav	ป่าอ้อดอนชัยอำเภอเมืองจังหวัดเชียงราย
7-7292-21.wav	เป็นนายกอบต.สระแก้วชี้แจงบอกว่า
21-21707-299.wav	โบราณคดีคณะกรรมการจังหวัดจะทำการขุดค้นซากปรักหักพัง
21-21708-24.wav	ซึ่งจะเดินทางมาร่วมรับฟังคำวินิจฉัย
21-21708-27.wav	โดยจะเดินทางมาถึงที่พักในเวลา13นาฬิกา
21-21708-29.wav	ก็มีมวลชนบางส่วนทยอยเดินทางมา
7-7292-3.wav	อบต.สระแก้วแต่อยู่ที่จังหวัดเพชรบูรณ์
21-21709-122.wav	พาไปไม่ถึงไม่ไปเจอนายวินัยที่เป็นผู้ใหญ่เลยนะ
21-21709-168.wav	บอกว่าอยากจะส่งน้องฟ้าใสไปเรียนที่จังหวัดสุราษฎร์ธานี
21-21709-33.wav	นางสาวบีมแล้วก็นางสาวรุ้งก็ออกมาเปิดใจครั้งแรกเลย
7-7292-7.wav	จังหวัดเพชรบูรณ์จัดซื้อถุงห่วงใย200ชุด
21-21711-23.wav	ก็ส่งชุดค้นหาไป22นายมีเครื่องมือกู้ภัยก็เข้ากันไปในถ้ำ
21-21712-182.wav	นี่นายอานนท์เขาประกาศไว้แบบนี้
7-7293-42.wav	ไปค้นบ้านพักนายวิวที่จังหวัดนนทบุรี
21-21713-24.wav	ตรงกับกำหนดการที่เสกโลโซจะต้องเดินทางไปรายงานตัวต่อสารจังหวัดนครศรีธรรมราชด้วยเช่นเดียวกัน
7-7293-43.wav	แล้วก็บ้านในเลาะที่จังหวัดปัตตานี
21-21714-16.wav	อีกทั้งฝ่ายนายประเสริฐผู้ตายเคยนำมีดยาวมาขูดถึงหน้าบ้าน
21-21714-3.wav	หลังสิ้นเสียงปืนรัว9นัดสังหารผู้ช่วยผู้ใหญ่บ้านหมู่3ตำบลบางขุนกองอำเภอบางกรวยจังหวัดนนทบุรี
21-21714-5.wav	เพราะเขาคือผู้ก่อเหตุใช้ปืนขนาด9มิลลิเมตรหญิงคู่อริคือนายประเสริฐมีแป้นเสียชีวิตหน้าบ้านพัก
21-21714-9.wav	กระทั่งคืนเกิดเหตุนายเชิดศักดิ์และแฟนสาวกลับจากดื่มสังสรรค์กับเพื่อนบ้าน
7-7297-28.wav	การคัดเลือกบุคลากรมาช่วยราชการในจังหวัดชายแดนภาคใต้มี2ลักษณะ
21-21716-123.wav	ซึ่งนำโดยนายอำเภอเขาชะเมาตำรวจทหารกว่า100นายนั้นเดินทางเข้าไปยังจุดนี้เรียบร้อยแล้วค่ะ
21-21716-35.wav	ซึ่งคาดการณ์ว่าน่าจะเป็นร่องรอยของทหารอากาศทั้ง3นาย
21-21716-5.wav	จากอำเภอแก่งหางแมวจังหวัดจันทบุรี
7-7299-11.wav	ตำรวจภูธรปราจีนบุรีและสำนักงานอุตสาหกรรมจังหวัด
7-7299-6.wav	และจะกระทบกับผู้คนในพื้นที่แล้วก็จังหวัดใกล้เคียงด้วย
21-21718-14.wav	คืออยู่ที่ตำบลหาดใหญ่ที่อำเภอหาดใหญ่จังหวัดสงขลา
21-21719-15.wav	เอาให้อายกันทั้งจังหวัดไม่ต้องมีที่ยืนบนสังคม
7-7300-7.wav	ซึ่งถือมีดปลายหอกจังหวะเดียวกับที่คนร้ายพุ่งเข้าใส่พร้อมจ้วงแทงไปที่ลำตัวของนายดาบ
21-21719-1.wav	ที่จังหวัดระยองมีเจ้าหนี้นะ
21-21719-59.wav	จากการสอบถามชาวบ้านในซอยทราบว่าผู้ที่นำป้ายมาติดไว้ก็คือนางสาวเอเป็นนามสมมุติแล้วกันนะฮะ
21-21719-64.wav	ก็ตามไปหานางสาวเอนางสาวเอนะครับเปิดเผยกับทีมข่าวเหมือนกัน
7-7302-1.wav	โรงเรียนแห่งหนึ่งที่จังหวัดเพชรบุรีกันหน่อยนะคะ
21-21720-0.wav	นี้ก็เกี่ยวกับเด็กครับในพื้นที่จังหวัดตรัง
21-21721-13.wav	ถ้าดูไทม์ไลน์เนี่ยตามที่ญาติเขาบอกเนี่ยน้องผู้หญิงที่อยู่ที่จังหวัดเลยเนี่ยนะฮะ
21-21721-163.wav	แต่ถ้าเราดูจากเรื่องชีวิตของน้องที่เสียชีวิตที่จังหวัดเลยเนี่ยนะ
21-21721-17.wav	ข้อมูลการไปสักลายของหญิงสาวชาวจังหวัดเลยอายุ22ปีเป็น1ใน4ที่เสียชีวิตนะ
21-21721-181.wav	21สิงหาคมได้โพสต์ภาพถ่ายของลูกสาวตอนที่อยู่ที่โรงพยาบาลที่จังหวัดเลย
7-7310-21.wav	ทีนี้มาดูเรื่องของคดีความศาลจังหวัดชัยนาทให้ประกันตัวพ่อเลี้ยงที่ก่อเหตุค่ะ
21-21721-18.wav	พ่อของผู้เสียชีวิตที่อยู่ที่จังหวัดเลยเหมือนกันอ่าบอกกับไทยรัฐทีวีว่าลูกสาวเนี่ย
21-21721-1.wav	เพราะว่ามีน้องผู้หญิงคนหนึ่งอายุ22ปีเป็นชาวจังหวัดเลย
7-7310-27.wav	ในตำแหน่งประธานชมรมวิทยุจังหวัดชัยนาทแทนตัวผู้ต้องหานะคะ
21-21721-26.wav	กระทั่งลูกสาวโทรศัพท์มาบอกว่าปวดท้องมากแล้วก็เดินทางไปหาหมอที่โรงพยาบาลแห่งหนึ่งในอำเภอลำลูกกาจังหวัดปทุมธานี
7-7311-25.wav	อำเภอคลองหลวงจังหวัดปทุมธานีนะคะ
7-7311-5.wav	ให้แม่มารับหน่อยอยากจะไปอยู่กับแม่แท้ที่จังหวัดระยอง
7-7312-18.wav	อำเภอศรีสำโรงจังหวัดสุโขทัย
7-7313-40.wav	แล้วหลายคนก็พุ่งเป้าไปที่อดีตนายกอบต.นั่นเอง
7-7313-9.wav	ทั้งญาติของผู้เสียชีวิตแล้วก็ญาติของนายกอบต.บางสมบูรณ์เองเนี่ยก็เข้าไปพบค่ะ
7-7314-13.wav	ปลัดอำเภอรวมถึงตำรวจของสภ.พลับพลาชัยที่จังหวัดบุรีรัมย์เนี่ย
7-7314-71.wav	ก็เดินทางมาติดตามความคืบหน้าคดี
7-7316-20.wav	สถานที่ท่องเที่ยวในประเทศไทยที่ชื่นชมประเทศไทย
7-7316-55.wav	ได้แจ้งให้ทางรัฐมนตรีท่องเที่ยวได้ทราบแล้วถึงเรื่องนี้นะครับ
7-7317-51.wav	ซึ่งการขายผ่านออนไลน์นั้นจะแพร่กระจายไปทุกจังหวัด
7-7317-52.wav	เพราะทุกจังหวัดสามารถดูได้แปลว่าอะไรคะตรงนี้
7-7317-53.wav	ดังนั้นต้องมีการขออนุญาตในการขายกล่องสุ่มทั้ง77จังหวัด
7-7320-1.wav	ทีมนักประดาน้ำทีมกู้ภัยที่เขามาจากต่างประเทศเนี่ยก็ทยอยเดินทางกลับ
7-7320-22.wav	เพราะว่าพอเสร็จสิ้นภารกิจเขาก็แยกย้ายเดินทางกลับประเทศกัน
7-7320-55.wav	แต่ละคนที่เดินทางมาที่ถ้ำหลวงนี่ก็เป็นนักประดาน้ำหรือว่านักดำน้ำที่ต้องเป็นนักดำน้ำในถ้ำนะ
7-7321-136.wav	นอกจากนี้เจ้าหน้าที่กรมคุ้มครองสิทธิและเสรีภาพกระทรวงยุติธรรมได้เดินทางมาสอบถามผลคดีกับพนักงานสอบสวน
7-7322-13.wav	ทำนายลูกชายว่าจะตายตอน43ไม่คิดว่าจะเกิดขึ้นจริงๆ
7-7328-0.wav	ที่จังหวัดบุรีรัมย์เกิดเหตุอุกอาจผู้ชายอายุสักประมาณ29ปีค่ะ
7-7328-9.wav	จังหวัดบุรีรัมย์เหตุการณ์เนี่ยเกิดขึ้นบ่ายเมื่อวานนี้
7-7329-15.wav	สุนัขตัวดังกล่าวก็หันมามองกู้ภัย2นาย
7-7335-10.wav	ซึ่งจากการสอบสวนประวัติการเดินทางช่วงที่ผ่านมาของชายวัย29คนนี้ก็พบว่าตั้งแต่ช่วงเย็นของวันศุกร์ที่1พฤษภาคมและร่วงเลยไปจนถึงวันถัดไป
7-7335-16.wav	ทำให้สำนักงานตำรวจแห่งชาติเกาหลีใต้เคลื่อนกำลังพลกว่า8500นายทั่วประเทศ
21-21721-29.wav	ลูกสาวโทรศัพท์มาบอกอีกครั้งว่ากำลังนั่งรถจะเดินทางไปหาป้าที่เชียงใหม่นะ
21-21721-33.wav	เข้าไปทั้งหมดในคืนนั้นเนี่ยที่จะเดินทางไปหาป้าที่เชียงใหม่เนี่ย9ครั้ง
7-7335-26.wav	กรุงโซลกำลังดำเนินการติดตามบุคคลที่เคยเดินทางไปยังพื้นที่ดังกล่าวราว1100ราย
21-21721-35.wav	ก็เลยพาไปที่โรงพยาบาลแห่งหนึ่งที่จังหวัดเชียงใหม่
7-7337-466.wav	เริ่มแรกเลยอยู่ที่อำเภอสองพี่น้องจังหวัดสุพรรณบุรีค่ะ
21-21721-36.wav	ก่อนที่ผู้เป็นพ่อจะขับรถไปหาลูกสาวที่จังหวัดเชียงใหม่
7-7337-557.wav	กุ้งกล้ามกรามทอดเกลือเมนูพื้นบ้านของจังหวัดสุพรรณบุรี
21-21721-41.wav	พ่อบอกว่าพ่อได้ย้ายลูกสาวกลับมาที่โรงพยาบาลจังหวัดเลยที่บ้าน
21-21723-18.wav	ตำบลผาจุกอำเภอเมืองจังหวัดอุตรดิตถ์
7-7338-25.wav	ปรากฏว่านางก็ยังไม่หมดสัญญาเดิมอันนี้คือรู้มานานแล้วล่ะ
21-21725-17.wav	เจ้าหน้าที่ด่านกักกันสัตว์จังหวัดสงขลาเนี่ย
7-7340-11.wav	คนขับรถบรรทุกสินค้าทราบว่าก่อนเกิดเหตุขับรถมาจากจังหวัดบุรีรัมย์
21-21725-27.wav	ทีมข่าวก็เลยสอบถามไปที่ด่านกักกันสัตว์จังหวัดสงขลา
7-7340-34.wav	ล่าสุดเกิดขึ้นที่จังหวัดอุดรธานี
7-7340-3.wav	ที่จังหวัดนครราชสีมาเกิดอุบัติเหตุ
21-21727-26.wav	อีกต่อไปยกเว้นครับนักการเมืองจังหวัดสุพรรณบุรี
21-21728-7.wav	ชื่อเขานะเขาบอกว่าเป็นการสร้างสรรค์การรับรู้เกี่ยวกับอุทยาประวัติศาสตร์ศรีเทพที่ชาวจังหวัดเพชรชบูรณ์เขาภาคภูมิใจ
7-7343-12.wav	อำเภอบางปะกงจังหวัดฉะเชิงเทรา
7-7344-21.wav	เป็นคนในจังหวัดนครศรีธรรมราชนี่แหละบอกว่า
7-7345-19.wav	แล้วก็มีตำรวจนอกเครื่องแบบ4นายบอกให้หยุดรถ
7-7346-1.wav	ฝากไปถึงผู้อำนวยการโรงเรียนแห่งหนึ่งในจังหวัดชลบุรี
7-7346-24.wav	ไปที่โรงเรียนในอำเภอศรีราชาจังหวัดชลบุรี
7-7348-43.wav	บางครั้งก็กีดขวางกับผู้โดยสารที่เขาจะเดินทาง
21-21729-15.wav	ไปส่องจอมปลวกกันต่อที่ใต้อุโบสถของวัดอีแงวอำเภอขลุงจังหวัดจันทบุรี
7-7348-45.wav	ทางการรถไฟก็ได้รับการร้องเรียนจากกลุ่มผู้โดยสารที่เดินทางนะฮะ
21-21730-38.wav	ก็คือนายวิชิตนะครับบอกกับคุณกิติศักดิ์ผู้สื่อข่าวของเรา
21-21731-50.wav	ที่ผ่านมาร้องเรียนเทศบาลจังหวัด
7-7348-47.wav	กลุ่มผู้โดยสารที่อ่าจะเดินทางต่อในตอนเช้านะฮะ
7-7350-0.wav	ก็เหมือนเดิมครับ77จังหวัดเขาก็เต็มที่กับการเอาเรื่องของจังหวัดมาปรับให้เป็นความอลังการ
7-7350-8.wav	แต่ว่าแต่ละจังหวัดเขาก็จะเอาอะไรดีของเขาเนี่ยมาจัดการให้กลายเป็นชุดนำเสนอให้ได้
7-7352-2.wav	แล้วก็ได้เห็นบรรยากาศของที่เขาจัดงานกันไปที่จังหวัดจันทบุรีนะคะ
7-7353-25.wav	ปากน้ำประแสที่อำเภอแกลงจังหวัดระยองนะคะ
7-7354-0.wav	วันเสาร์ที่ผ่านมานะคะทางเทศบาลตำบลหาดเจ้าสำราญจังหวัดเพชรบุรีค่ะ
21-21732-48.wav	หากินได้เพียงที่นี่ที่เดียวคือที่จังหวัดพะเยาคุณผู้ชม
7-7355-41.wav	แล้วก็มีคนที่เดินทางกลับจากต่างประเทศมา2ราย
7-7355-42.wav	แล้วก็มีคนที่สัมผัสกับคนที่เดินทางกลับจากต่างประเทศ1ราย
7-7355-77.wav	ยังเป็นกำลังใจให้กับทั้ง11จังหวัดนี้อยู่นะครับ
7-7355-93.wav	เป็นการเตรียมการในระดับจังหวัด
7-7356-100.wav	ท่าอากาศยานสุวรรณภูมิจังหวัดสมุทรปราการ
7-7357-19.wav	เลยอยากจะตอบแทนน้ำใจให้กับพี่น้องหลายจังหวัดที่เคยช่วยเหลือชาวจันทบุรีแบบไม่ทิ้งกันด้วย
21-21734-19.wav	กิโลเมตรที่46ในอำเภอบางปะกงจังหวัดฉะเชิงเทราครับ
7-7357-22.wav	ก็ถูกส่งต่อไปยังพื้นที่ที่ประสบภัยหลายๆพื้นที่หลายๆจังหวัด
7-7357-27.wav	นี่เป็นบรรยากาศเพียงแค่ส่วนหนึ่งจังหวัดหนึ่งพื้นที่หนึ่งเท่านั้น
21-21736-42.wav	ที่อำเภอตาคลีจังหวัดนครสวรรค์ท้องที่สภ.ตาคลี
21-21737-38.wav	ที่มีคนทักมาบอกบูมเหมือนกันว่าทำไมไม่เอาเพื่อนนางมาบ้าง
7-7357-5.wav	ไปกันที่ลานหน้าศาลากลางจังหวัดจันทบุรีค่ะ
21-21742-108.wav	ส่วนกรณีของจังหวัดปัตตานี
7-7358-12.wav	เป็นนักเรียนชั้นม3ของโรงเรียนเอกชนชื่อดังในจังหวัดพิษณุโลก
21-21742-10.wav	มันมีหลายตัวอย่างหลายจังหวัดแล้วนะฮะ
21-21742-112.wav	ซึ่งรวมถึงจังหวัดปัตตานีโรงพยาบาลปัตตานีด้วยนะครับ
7-7358-6.wav	ในโรงเรียนเอกชนชื่อดังในจังหวัดพิษณุโลกนะคะ
21-21742-143.wav	เรื่องของการจัดส่งที่น้อยกว่าจำนวนที่ทางจังหวัด
21-21742-30.wav	จังหวัดได้รับมาเพียง2160โดส
21-21742-92.wav	แห่งทั้ง77จังหวัดตั้งแต่3สิงหาคม
21-21742-98.wav	ในพื้นที่จังหวัดเชียงใหม่นะครับ
7-7359-0.wav	รวบผู้ต้องสงสัยนะคะที่ยิงนายกอบต.ไปตรวจค้นบ้าน
21-21743-11.wav	เพื่อให้ประชาชนและภาคธุรกิจไม่ต้องเสียเวลาและค่าใช้จ่ายในการเดินทางค่ะ
21-21743-2.wav	อยู่ที่จังหวัดมุกดาหารค่ะ
21-21743-41.wav	สามารถนำนิทานหุ่นมือเคลื่อนที่นี้ออกไปเดินทาง
7-7359-12.wav	นำกำลังมา300กว่านายกระจายกำลัง
7-7359-164.wav	ที่อำเภอองครักษ์จังหวัดนครนายก
21-21744-154.wav	มาเอาใจช่วยครอบครัวของน้องใสจากจังหวัดอุบลราชธานีจะสามารถคว้าทุนไปต่อชีวิตสูงสุดได้หรือไม่ในเกมต่อชีวิตช่วงหน้าครับ
7-7359-4.wav	ที่รถของนายกอบต.บังสมบูรณ์นี่ถูกยิง
21-21744-30.wav	เคยไปทำธุระที่สารกลางจังหวัดบ้างไหม
7-7359-50.wav	มีนายกอบต.คนปัจจุบันแล้วก็มีผู้ตายเนี้ย
7-7359-58.wav	เป็นอดีตนายกอบต.คนเก่า
21-21746-19.wav	ตรงนี้คือบ้านโพนทรายตำบลสำโรงจังหวัดมหาสารคาม
21-21746-25.wav	คนก่อเหตุชื่อว่านายวุฒิไกรอายุ35ปี
7-7359-79.wav	นายกคนปัจจุบันเนี้ยเขาตรวจสอบเรื่องราวของอดีตนายกคนเก่าหรือเปล่า
7-7359-7.wav	ทำให้คนขับรถกับรองนายกอบต.เสียชีวิต
7-7359-8.wav	ส่วนนายกอบต.เนี้ยได้รับบาดเจ็บแล้วที่ปรึกษาไม่เป็นอะไร
7-7361-18.wav	ที่จังหวัดนครราชสีมาเนี้ย
21-21749-12.wav	หลังจากนิวพร้อมมารดาเดินทางไปร่วมกิจกรรม7รอบคณะราช84ปี
7-7361-36.wav	ที่อำเภอเมืองจังหวัดนครราชสีมา
7-7364-27.wav	ของจังหวัดและส่งเสริมการท่องเที่ยว
21-21751-33.wav	การแก้ไขปัญหาในพื้นที่3จังหวัดชายแดนภาคใต้
21-21751-58.wav	ในพื้นที่3จังหวัดชายแดนภาคใต้เด่นชัดมากขึ้น
7-7364-32.wav	สาธิตการทำว่าวควายการโชว์ว่าวจากจังหวัดและประเทศต่าง
21-21751-60.wav	แต่โครงสร้างของ3จังหวัดชายแดนภาคใต้
21-21758-67.wav	เคยพูดสนับสนุนจังหวัดนครสวรรค์นะ
7-7369-30.wav	ร้านนี้เป็นสุดยอดของอาหารยำที่ในจังหวัดเลยเลยนะ
21-21759-12.wav	ซึ่งเป็นภรรยาของนายสุชาติผู้เสียชีวิต
21-21759-6.wav	ทางครอบครัวได้มีการตั้งศพของนายสุชาติผลเจริญอายุ38ปี
7-7372-20.wav	ในอำเภอศรีราชาจังหวัดชลบุรีครับตำรวจสภ.ศรีราชา
102-102022-326.wav	ที่จะฝากขังต่อศาลยื่นต่อศาลจังหวัด
7-7374-43.wav	ระมัดระวังเรื่องการเดินทางและดูแลสุขภาพด้วย
21-21764-100.wav	เมื่อวานก่อนคุณผู้ชมเดินทางไปหาสามีนะคะที่โรงพักพร้อมกับซื้อแกงเหลือง
21-21764-103.wav	อยู่กินกับนายสุวิทย์มากว่า3ปีรู้ดีว่าสามีไม่มีทาง
7-7376-14.wav	และร่วมกันปลอมและใช้ดวงตรารอยตราหรือแผ่นปะตรวจลงตราการเดินทางระหว่างประเทศ
21-21764-108.wav	ภรรยาของนายสุวิทย์บอกว่าวันเกิดเหตุก็คือวันที่
21-21764-109.wav	นายสุชาติเสียชีวิตเนี่ยสามีไปทำงานที่บริษัทกำจัดปลวกแห่งหนึ่ง
7-7378-2.wav	เป็นคลิปเหตุการณ์ชาวบ้านที่ตำบลประสาทอำเภอบ้านกรวดจังหวัดบุรีรัมย์ค่ะ
21-21764-113.wav	ไม่ได้ออกไปไหนทีนี้นายสุวิทย์บอกกับภรรยา
21-21764-115.wav	แล้วนายสุวิทย์ยังบอกกับภรรยาบอกว่าเราถูกซ้อมให้รับสารภาพ
21-21764-118.wav	ภรรยาของนายสุวิทย์ตั้งข้อสังเกตแบบนี้พี่เบิร์ตก๊อฟ
7-7381-9.wav	สดจากจังหวัดนครศรีธรรมราช
21-21764-21.wav	ชื่อจริงก็คือนายสุรชัยเริงสมุทรอายุ37ปีค่ะ
21-21764-51.wav	ก็คือนายสุวิทย์เริงสมุทรอายุ25ปีหรือว่าบังเลาะเนี่ยนะคะ
7-7384-102.wav	เอาละครับคุณผู้ชมครับเดินทางมาถึงช่วงสุดท้ายของตลอนข่าวในวันนี้แล้วนะครับ
21-21764-52.wav	ตำรวจบอกว่าบังเลาะเนี่ยเดินทางไปเองเลยนะ
21-21764-57.wav	นายสุวิทย์หรือว่าบังเลาะยอมรับสารภาพบอกว่า
7-7384-22.wav	ในพื้นที่ของจังหวัดสุราษฎร์ธานี
7-7384-3.wav	ติดตามได้นะครับจากรายงานไปกันที่จังหวัดสุราษฎร์ธานีครับ
7-7384-47.wav	จึงขอเข้าร่วมโครงการและฝึกฝนจนสามารถเป็นนายหนังตะลุง
7-7384-6.wav	อำเภอเมืองจังหวัดสุราษฎร์ธานีเรียกได้ว่าหาชมได้ยากเลยล่ะค่ะ
21-21764-65.wav	ไปขุดหลุมเพื่อฝังศพของนายสุชาติ
7-7384-75.wav	บ้านสายตรีพัฒนาตำบลบึงเจริญอำเภอบ้านกรวดจังหวัดบุรีรัมย์
21-21764-6.wav	เราเดินทางไปพูดคุยกับภรรยาของบังเลาะคนนี้แล้วนะคะคุณผู้ชม
7-7384-79.wav	กลายเป็นแหล่งท่องเที่ยวแห่งใหม่ของจังหวัดนะคะ
21-21764-85.wav	ก็เลยสั่งการให้พนักงานสอบสวนสภ.อ่าวนาง
21-21764-94.wav	บอกว่าตอนนี้ไม่กังวลเลยกรณีที่นายสูวิทย์รู้ว่า
7-7384-81.wav	ก็จะมีประชาชนและก็นักท่องเที่ยวจากหลายจังหวัดทั่วประเทศมารวมตัวกัน
21-21764-99.wav	ทีนี้มาดูฝั่งภรรยาของบังเลาะหน่อยภรรยาของนายสุวิทย์นะคะ
7-7384-94.wav	จึงพาญาติพี่น้องเดินทางมาดูกัน
7-7388-24.wav	ยังเผชิญกับความยากลำบากในการเดินทางนั้น
7-7389-31.wav	ตำบลกุตาไก้อำเภอปลาบากจังหวัดนครพนม
7-7389-50.wav	ความกับพนักงานสอบสวนสภ.กุตาไก้จังหวัดนครพนมเพื่อ
21-21770-25.wav	ซึ่งนายรังสรรค์สวมเสื้อวินเบอร์65ล่ะที่มีการออกหมายจับมาก่อนหน้านี้
7-7390-27.wav	เดินทางมาเที่ยวกำลังจะกลับกรุงเทพมหานครระหว่างขี่ลงเขาตามเส้นทางที่คุณผู้ชมเห็น
7-7396-4.wav	โรงพยาบาลท่าม่วงจังหวัดกาญจนบุรีนะคะ
21-21770-3.wav	ล่าสุดวันนี้ญาติเองก็เดินทางเข้าไปรับศพ
21-21770-77.wav	ก็เดินทางมาประชุมติดตามความคืบหน้าคดีนี้ด้วยตัวเอง
7-7397-34.wav	มันทำเกินไปหรือเปล่านี่เห็นไหมฮะจังหวัดตรงนี้นะฮะ
21-21772-27.wav	ที่บ้านท่าไม้แดงที่หมู่ที่3ตำบลวังหินอำเภอเมืองจังหวัดตากนะครับ
21-21772-50.wav	เขารู้เลยเพราะเขาดูข่าวโจรปล้นทองที่พื้นที่ของเขาคือจังหวัดตาก
7-7397-41.wav	ที่อำเภอเมืองจังหวัดระยองยังมีร่องรอยกระถางต้นไม้ที่แตกอยู่นะครับ
7-7400-122.wav	ราชการจังหวัดที่ท่านพูดถึงนะครับว่าขอกักตัวได้ไหม
21-21773-18.wav	ไปที่โรงเรียนดังกล่าวอยู่ในอำเภอสังขะของจังหวัดสุรินทร์
21-21773-4.wav	โรงเรียนแห่งหนึ่งที่จังหวัดสุรินทร์คุณผู้ชมลองดูภาพหน้าจอนะฮะ
21-21775-11.wav	นี่ค่ะมีนางรำสวยงามอ่อนช้อยขนาดนี้
7-7400-152.wav	โอเคชื่อบริษัทที่จังหวัดชลบุรีจริงนะครับขออนุญาตไม่เอ่ยไม่เอ่ยนามเพราะเขาไม่เกี่ยวข้องด้วย
21-21775-13.wav	ไปจนถึงนางรำสาวใหญ่ไปจนถึงนางรำสาวสวย
21-21775-16.wav	โดยเฉพาะนี่นางรำคนนี้คุณดูสวยไหม
21-21775-7.wav	ภายในพิธีนะคุณผู้ชมต้องบอกเลยว่าทางจังหวัดเนี่ย
21-21775-9.wav	มีการนำเหล่าบรรดานางรำกว่า672ชีวิต
21-21776-49.wav	ส่วนที่จังหวัดนราธิวาสนะครับ
7-7400-155.wav	เดินทางเข้ามา1กุมภาฯท่านละนึกภาพสิครับว่ากี่เดือนนะครับทุกอย่างขั้นตอนการเนมลิสที่เข้ามาก็มาจากทางต่างประเทศ
21-21779-18.wav	เพราะต้องการจะเดินทางให้ถึงพระบรมมหาราชวัง
21-21779-2.wav	ตอนนี้เป็นเวลากว่า12ชั่วโมงแล้วค่ะที่ลุงปานเดินทางด้วยรถสามล้อพระราชทาน
7-7400-195.wav	ผมเรียนนะครับว่าแล้วไม่ใช่นายกรัฐมนตรีที่ชื่อพลเอก
21-21779-31.wav	และยืนยันจะคอยดูแลตลอดการเดินทาง
7-7400-216.wav	มีตั้งสมาชิกตั้งหลายล้านคนมอบดอกไม้ขอบคุณท่านนายกรัฐมนตรี
21-21780-510.wav	ก็ได้เดินทางไปต้อนรับการเปิดเหมืองการผลิตทองคำ
7-7401-2.wav	ปริมาณน้ำเนี่ยทะลักเข้าท่วมบ้านที่จังหวัดสระบุรีแล้ว
7-7403-10.wav	เขาก็เลยเป็นผู้ป่วยคนแรกของจังหวัดอุบล
7-7403-29.wav	แถวบางแสนแล้วก็เดินทางไปที่จังหวัดอุบลราชธานี
7-7403-35.wav	และหลังจากนั้นค่ะเดินทางมายังสนามบินดอนเมือง
21-21783-0.wav	คุณผู้ชมครับเรามาดูรายละเอียดในรายจังหวัด
7-7404-11.wav	ซึ่งจะใช้กำลังตำรวจจราจรจากกองบังคับการตำรวจจราจร50นายด้วยกัน
7-7406-124.wav	ได้รับการปล่อยตัวจากเรือนจำกลางนะครับจังหวัดสมุทรปราการเรียบร้อยแล้วนะครับ
21-21783-3.wav	หายป่วยแล้วทั้งสองรายทางจังหวัด
7-7406-196.wav	ปั๊มปตท.ที่จังหวัดระนองนะ
21-21783-40.wav	สาธารณสุขจังหวัดได้ออกมายืนยันว่าผู้ป่วยติดเชื้อโควิด2ราย
7-7406-208.wav	เลยคิดลงมือหลังจากที่ได้หลบหนีไปยังจังหวัดระนอง
21-21783-43.wav	ชาวจังหวัดศรีสงครามที่เข้ารับการตรวจรักษาตัว
7-7407-20.wav	ตำบลสำโรงเหนือจังหวัดสมุทรปราการครับอืม
21-21783-58.wav	สำหรับคำสั่งปิดการเข้าออกระหว่างจังหวัด
21-21783-6.wav	แล้วก็ไปดูอีกจังหวัดก็คือที่พังงา
21-21785-30.wav	อยู่ที่ถนนนครสวรรค์จังหวัดมหาสารคามค่ะ
21-21785-3.wav	มานี่เขาปิ้งกันเป็นแผงแบบนี้เลยค่ะครับที่นี่นะคะอยู่ที่จังหวัดมหาสารคาม
7-7411-20.wav	แล้วการเดินทางเป็นอะไรที่ไม่น่าเบื่อ
21-21785-41.wav	เรากินอิ่มแล้วเราก็จะได้รู้ว่าเราจะต้องเดินทางไปที่ไหนบ้าง
7-7411-25.wav	กับจังหวัดที่เรียกว่ามีแบบประวัติศาสตร์แบบของประเทศเราแบบสุดๆเลย
7-7411-33.wav	ฝากไว้ด้วยนะคะกับจังหวัดพระนครศรีอยุธยาค่ะ
7-7411-9.wav	นั่นก็คือจังหวัดพระนครศรีอยุธยานั่นเองค่ะ
7-7412-13.wav	ดังนั้นก็ตามใครที่จะเดินทางไปท่องเที่ยวจึงต้องตรวจสอบสภาพอากาศต่อเนื่องเป็นประจำสม่ำเสมอ
7-7414-0.wav	ก็ลงพื้นที่ที่จังหวัดหนองบัวลําภูนะคะ
21-21788-11.wav	อำเภอบ้านบึงจังหวัดชลบุรีนะคะ
21-21789-14.wav	มาจากหนึ่งในแนวทางแก้ไขปัญหาจังหวัดชายแดนภาคใต้
7-7414-11.wav	ซึ่งรองผบ.ตร.บอกว่าก็มีการระดมพนักงานสอบสวนมาจากทุกจังหวัดเลยนะคะ
21-21789-21.wav	คือศูนย์อำนวยการบริหารจังหวัดชายแดนภาคใต้
7-7414-134.wav	ก่อนเปิดเผยว่าสั่งการให้ฝ่ายปกครองภายใต้การนำของผู้ว่าแต่ละจังหวัด
21-21789-33.wav	พร้อมกับแผนนโยบายในการแก้ไขปัญหาจังหวัดชายแดนภาคใต้
7-7414-141.wav	คือให้พ่อเมืองครับผู้ว่าแต่ละจังหวัดและในอำเภอผู้นำชุมชน
21-21795-0.wav	ความคืบหน้านะคะกรณีที่ประชาชนในจังหวัดเชียงใหม่
21-21795-66.wav	ขอให้เป็นอำนาจหน้าที่ของนายกรัฐมนตรี
21-21795-72.wav	ภายใน7วันนี้ขอเรียกร้องให้นายกรัฐมนตรี
7-7414-18.wav	เพื่อไม่ให้เขาเนี่ยต้องลำบากเดินทางไปให้การที่โรงพักนะครับ
7-7414-6.wav	ลงพื้นที่ที่อบต.อุทัยสวรรค์ที่จังหวัดหนองบัวลําภู
21-21798-3.wav	อนาคตครอบครัวของมะนาวจากจังหวัดสุพรรณบุรี
21-21798-55.wav	เพราะฉะนั้นครอบครัวของคุณมะนาวจากจังหวัดสุพรรณบุรี
21-21802-223.wav	ในวันที่เขาเดินทางมาที่ไฮบิลลี่ตอนปี96
16-16013-20.wav	ช่วงเช้าวันนี้ฮะทางศาลที่จังหวัดนนทบุรีนะครับ
16-16013-36.wav	คุณแม่ก็เดินทางมานี่มาแล้วคุณแม่นักข่าวเรียกเลยคุณแม่คุณแม่
16-16013-37.wav	คุณแม่นะฮะเดินทางมาที่ศาลพร้อมกับทนายความนะครับมาร่วมตรวจพยานด้วย
16-16013-428.wav	เพราะว่าผมจะพาคุณผู้ชมไปสะบัดกันที่วัดแห่งหนึ่งที่จังหวัดพิจิตรนี่
16-16013-535.wav	ก็เราให้สอดคล้องเมืองจังหวัดพิจิตรเรา
16-16013-539.wav	ถือเป็นการนำอัตลักษณ์ของจังหวัดมาออกแบบได้อย่างลงตัว
16-16013-541.wav	ถือเป็นอีกหนึ่งวัดที่ควรค่าแก่การเดินทางมาเที่ยว
16-16015-18.wav	นายเจริญครับก็คือนายลูกเอียดโพดำ
16-16015-9.wav	นายสราวุฒิโคกเขาหรือว่าโกลาว
16-16016-82.wav	ระวังไว้ด้วยใครที่จะออกไปท่องเที่ยวเดินทางนะครับในช่วงกลางสัปดาห์นี้
16-16020-16.wav	จากการสอบถามสอบปากคำนายปรีชาอายุ17ปี
16-16020-17.wav	ซึ่งเป็นน้องชายของนางสาวสิริรัตน์คนเจ็บ
16-16021-12.wav	คนมีไข้เอาเมื่อวานนี้นะคะมีการเดินทางกลับ
16-16021-18.wav	ซึ่งทีมข่าวของเราค่ะก็ไปตรวจสอบบรรยากาศการเดินทางกลับมานะคะ
16-16021-23.wav	ไปพูดคุยค่ะทีมข่าวได้มีโอกาสพูดคุยกับแรงงานที่เดินทางไปทำงานที่เกาหลีใต้
16-16021-2.wav	เป็นการพูดถึงคนที่เดินทางชาวไทยนะ
16-16021-36.wav	โดยยืนยันว่าตัวเขาเองเนี่ยเดินทางกลับมาแล้ว
16-16021-49.wav	ทยอยเดินทางกลับประเทศไทยและจากข้อมูลไม่ได้เพิ่งกลับมาด้วยนะคะ
16-16021-50.wav	คือก่อนหน้านี้มีรายงานว่าพอเริ่มมีการแพร่ระบาดเขาเดินทางกลับมาตั้งแต่เดือนมกราคมแล้ว
16-16021-62.wav	รัฐบาลเองตอนนี้ก็บอกว่าเดี๋ยวมีมาตรการแล้วแหละเดี๋ยวจะจัดการให้โดยเฉพาะใครที่เดินทางกลับภูมิลำเนา
16-16023-10.wav	มุมที่มวลมหาประชาชนเดินทางไป
16-16024-11.wav	อย่างใจจดใจจ่ออยู่ที่บ้านพักในตำบลบางไผ่อำเภอเมืองจังหวัดฉะเชิงเทรานะคะ
16-16024-8.wav	นายจิรยุทธ์เจียรสถิตอายุ92ปีนะคะ
16-16026-0.wav	ไปดูเหตุการณ์ที่เกิดขึ้นในร้านหมูกระทะแห่งหนึ่งที่จังหวัดเชียงใหม่ก่อนนะครับ
16-16026-126.wav	นางสาวถวยพยายามจะพูดคำว่าขอโทษขอโทษขอโทษ
16-16026-127.wav	พูดคำนี้อยู่ตลอดแต่นายจธีก็ไม่ยอมหยุดค่ะ
16-16026-130.wav	นายจธีลุกขึ้นมาจะทำร้ายเจ้าหน้าที่กู้ภัยด้วยนะคะ
16-16026-134.wav	แต่นางสาวถวยไม่ยอมคืนดีด้วยก็เลยไม่อยากให้ใครได้ครอบครองนางสาวถวย
16-16026-137.wav	แล้วก็บอกว่าถ้าพ้นโทษออกมาได้จะบวชให้นางสาวถวย
16-16026-14.wav	เหตุการณ์เกิดขึ้นในร้านหมูกระทะแห่งหนึ่งในตำบลช้างเผือกอำเภอเมืองจังหวัดเชียงใหม่นะครับ
16-16026-170.wav	ก่อนเกิดเหตุนายจธีไปหาเธอที่บ้านนะคะ
16-16026-175.wav	แล้วที่นายจธีอ้างว่ารักน้องสาวเธอมาก
16-16026-180.wav	หลังจากนี้จะนำร่างของน้องสาวไปประกอบพิธีทางศาสนาที่จังหวัดลำพูน
16-16026-195.wav	ไทยรัฐทีวีประจำจังหวัดเชียงใหม่
16-16026-198.wav	พนักงานในร้านพยายามจะช่วยนางสาวถวย
16-16026-200.wav	จังหวะนั้นนายจธีหยุดชะงัก
16-16026-202.wav	ก็นำตัวนางสาวถวยออกมาด้านนอก
16-16026-38.wav	หญิงสาวคนนี้ชื่อนางสาวถวยอายุ17ปีนะครับ
16-16026-75.wav	ก็เลยรีบเข้าไปดูเห็นนายจธีเอามีดแทงนางสาวถวยแล้วอะค่ะ
16-16026-77.wav	ให้วางมีดแล้วให้ปล่อยตัวนางสาวถวย
16-16026-79.wav	ดึงตัวนางสาวถวยไปที่หลังร้านหยิบมีดขึ้นมาอีกครั้ง
16-16026-82.wav	ตอนนั้นนายจธีอยู่ในอาการสติแตกถือมีดข่มขู่ทุกคน
16-16026-88.wav	จนนายจธีปล่อยตัวนางสาวถวย
16-16026-92.wav	ช่วงที่นายจธีก่อเหตุเจ้าของร้านบอกว่าได้ยินเสียงนายจธีพูดตลอดว่า
16-16026-95.wav	ที่ผ่านมานายจธีทำหน้าที่ล้างกระทะค่ะ
16-16026-97.wav	ส่วนนางเสาถวยเพิ่งมาทำงานได้5เดือน
16-16027-2.wav	หลายแสนลิตรในพื้นที่อำเภอสามพรานจังหวัดนครปฐมนะครับ
16-16028-12.wav	เหตุการณ์นี้นางนิรมนต์เอียดแก้วอายุ44ปีค่ะ
16-16029-137.wav	ก็เพื่อต้อนรับนางสุชาดาแล้วก็นางแก้วมณีพร้อมกัน
16-16029-41.wav	ตนเห็นสภาพความเป็นอยู่ในเรือนจำจังหวัดกระบี่เขาบอกว่าแออัดฮะ
16-16029-67.wav	ประชาสัมพันธ์จังหวัดเชียงรายก็เปิดเผยอย่างนี้ค่ะ
16-16029-68.wav	คณะทำงานบูรณะปรับปรุงฟื้นฟูอุทยานถ้ำหลวงขุนน้ำนางนอน
16-16030-0.wav	ตำรวจมีข้อมูลเพิ่มเติมกรณีคนร้ายบุกชิงทองที่จังหวัดลพบุรีนะคะ
16-16030-28.wav	แล้วคิดว่าน่าจะเป็นคนในพื้นที่จังหวัดลพบุรีเองนะครับ
16-16030-36.wav	เดินทางเข้ามาในพื้นที่เพื่อต้องการเข้าไปตรวจสอบความเสียหายที่เกิดขึ้น
16-16030-6.wav	แล้วคาดว่าน่าจะเป็นคนในพื้นที่จังหวัดลพบุรีครับ
16-16032-23.wav	อำเภอสันกำแพงจังหวัดเชียงใหม่
16-16033-14.wav	นางสาววรรณภาอายุ31ปีก็ไปเที่ยวสถานบันเทิงในอำเภอบ้านโป่งพร้อมแฟนนุ่มกับกลุ่มเพื่อนรวมแล้วกว่า10คน
16-16033-17.wav	ทำร้ายร่างกายกันทำให้ตัวนางสาววรรณภาเนี่ยถูกลุกหลงบาดเจ็บ
16-16033-20.wav	นางสาววรรณภากับกลุ่มเพื่อนเดินทางมาที่สภ.บ้านโป่ง
16-16033-34.wav	กลุ่มเพื่อนนางสาววรรณภาที่เข้ามาสมทบทีหลังเข้าใจผิด
16-16034-3.wav	นายอภิชัยอุดมผลหรือว่าเสี่ยโก้อายุ40ปีนะครับ
16-16035-30.wav	แล้วก็ตรวจสอบว่าแต่ละท่านมีการเดินทางไปประเทศกลุ่มเสี่ยงบ้างหรือเปล่า
16-16038-13.wav	ก่อนเข้าพื้นที่3จังหวัดชายแดนภาคใต้
16-16038-1.wav	พื้นที่จังหวัดชายแดนภาคใต้และล่าสุดนี้ครับกับเหตุการณ์ปฏิบัติการ
16-16038-2.wav	ที่เกิดขึ้นในพื้นที่ฐานปฏิบัติการหม้อแกงในจังหวัดปัตตานี
16-16038-31.wav	เหตุรุนแรงที่เกิดขึ้นจึงทำให้ผู้คนในสังคมกลับมาสนใจปัญหา3จังหวัดชายแดนภาคใต้อีกครั้ง
21-21803-64.wav	ส่วนผู้ชมคนนี้บอกว่าเขาพร้อมกับครอบครัวเดินทางมาที่นี่
21-21805-131.wav	ตอนนี้มาอาศัยอยู่กับนางก้านอายุ84ปี
21-21805-5.wav	ครับผมวันนี้นางไปถ่ายรายการเนอะรายการอะไรนะ
21-21805-655.wav	มาถึงเรื่องราวท่องเที่ยวกันบ้างดีกว่า
21-21805-660.wav	โดยทั้งหมดเดินทางมาจากกรุงเทพรวมทั้งหมด11คน
21-21805-679.wav	เธอก็บอกว่าตนเองเห็นกลุ่มคนที่เดินทางขึ้นไป
21-21806-15.wav	จากนั้นเจ้าหน้าที่ก็ร่วมกันเดินทางไปที่จุดพักแคมป์ของนายเปรมชัยและพวก
21-21806-20.wav	มากพอที่จะเป็นพยานหลักฐานเพื่อเอาผิดคณะของนายเปรมชัยได้
21-21806-67.wav	ไปแจ้งความดำเนินคดีกับนายเปรมชัยเอาไว้นะครับ
0-205-0.wav	เรื่องเศร้าเกิดขึ้นที่อำเภอบ้านบึงจังหวัดชลบุรีนะ
16-16000-156.wav	ท่านไม่ควรร่วมเดินทาง
0-208-6.wav	เพราะว่าภาพยนตร์เรื่องโลกทั้งใบให้นายคนเดียวเนี่ยค่ะ
16-16003-85.wav	นางสุมนรัตน์เจ้าของบอกรู้สึกผูกพันกับเจ้าหมูแดงมากเลย
16-16003-40.wav	ที่บ้านเลขที่133หมู่ที่13ตำบลเมืองอำเภอเมืองเลยจังหวัดเลย
0-210-35.wav	แล้วเสร็จแล้วนะยะพอจบแล้วนะยะนางก็ใส่ไปแล้วก็มีเดินหันหลัง
7-7416-1.wav	วันนี้คุณแม่ของผู้เสียชีวิตได้เดินทางมาร่วมงานศพของลูกสาว
16-16005-29.wav	ว่านายวรวุฒิสุขุนานั้นเคยมีประวัติถูกดำเนินคดีข้อหา
16-16005-26.wav	พร้อมกับนายเฉลิมพงษ์เกิดแก้วกองหลังด้วยความเป็นห่วง
7-7416-29.wav	ทราบเรื่องจากญาติที่อยู่ในเมืองไทยก็เลยรีบเดินทางมา
7-7416-35.wav	เดินทางมาติดต่อเพื่อขอรับศพแล้ว
21-21806-87.wav	กรณีแจ้งข้อกล่าวหากับนายเปรมชัยฐานทารุณกรรมสัตว์
7-7416-8.wav	เดินทางมางานศพลูกสาว
16-16005-2.wav	เอฟซีบอกว่าหลังจากนายวรวุฒิสุขุนาผู้รักษาประตูทีมชลบุรีเอฟซี
21-21806-99.wav	โดยนายสมชัยบอกว่ากรณีนี้เนี่ย
7-7417-16.wav	เมื่อสถานการณ์เป็นเช่นนี้นะครับในอำเภอท่าเรือจังหวัดพระนครศรีอยุธยา
21-21807-0.wav	มาดูสองยายหลานที่จังหวัดเลยกันหน่อยค่ะ
7-7417-9.wav	พบว่าเริ่มสูงขึ้นซึ่งเป็นผลมาจากน้ำจากจังหวัดเพชรบูรณ์
21-21807-46.wav	ในพื้นที่นี้ที่จังหวัดเลย
21-21807-53.wav	ที่อำเภอผาขาวจังหวัดเลย
21-21807-55.wav	ไปรักษาดิฉันว่าแค่เดินทางไปกับ
7-7427-0.wav	ความช่วยเหลือมาค่ะเป็นชาวบ้านที่จังหวัดฉะเชิงเทรา
21-21809-15.wav	ส่วนนายปิยบุตรผู้ต้องหาที่เป็นคนขายกระสุนปืนให้
21-21809-18.wav	ญาติของนายปียบุตรก็มาเยี่ยมเอาอาหารเอาเสื้อผ้ามาให้
21-21809-23.wav	ตำรวจคุมตัวนายปิยบุตรไปสอบปากคำนะคะ
21-21809-24.wav	ซึ่งนายปียบุตรก็ไม่ได้พูดอะไรนะคะ
21-21809-25.wav	อันนี้ก็คือในส่วนของนายปียบุตร
7-7428-12.wav	อยู่ที่ค่ายมวยแห่งหนึ่งที่จังหวัดชลบุรียังหลบหนีอยู่ค่ะ
21-21811-66.wav	ส่งคำชี้แจงเรื่องการเป็นนายกว่าครบ8ปีหรือยัง
21-21813-6.wav	เริ่มต้นกินล้างบางวันนี้ที่ย่านปากน้ำจังหวัดสมุทรปราการ
7-7430-0.wav	ที่จังหวัดแพร่ก็เกิดเหตุระทึกเหมือนกันนะฮะ
21-21813-786.wav	อำเภอเมืองจังหวัดสมุทรปราการใครที่ชอบกินปลา
7-7430-24.wav	ขนท่อนไม้เป็นไม้มะขามนะฮะไปขนมาจากจังหวัดน่าน
21-21814-0.wav	สำหรับประชาชนที่จะเดินทางมาร่วมในงานพระราชพิธี
7-7430-25.wav	ระหว่างขับรถเดินทางกลับบ้านมาถึงจุดตรงนี้นะฮะ
21-21815-327.wav	ประกาศหวังพบน้องนาง
7-7430-7.wav	นะฮะหน้าทิ่มลงไปในคลองชลประทานเกิดขึ้นที่จังหวัดแพร่นะครับ
21-21816-16.wav	อยู่ที่ตำบลพระพุทธบาทอำเภอเชียงกลางจังหวัดน่านนะคะ
21-21816-44.wav	จะช่วยเรื่องเกี่ยวกับค่าใช้จ่ายในการเดินทาง
7-7431-15.wav	เดินทางไปถึงมีรถน้ำมา2คันฉีดน้ำเพื่อสกัดไฟครับ
21-21818-8.wav	ตำบลบางพลีน้อยอำเภอบางบ่อจังหวัดสมุทรปราการ
7-7433-15.wav	ที่เคยสั่งซื้อผ่านเพื่อนของนายมี่
21-21820-17.wav	สี่แยกไฟแดงอำเภอขลุงจังหวัดจันทบุรี
7-7433-16.wav	โดยนายมี่ได้ขี่รถจักรยานยนต์มาพร้อมกับเพื่อนอีก1คน
0-213-27.wav	แล้วที่ย้ายมันก็ยังอยู่ในจังหวัดเดียวกันถูกต้องไหมคะแล้วเด็กจะอยู่ต่อไปยังไง
7-7433-18.wav	เมื่อได้จังหวะนายมี่ได้หักกุญแจรถเก๋งที่เสียบคาอยู่
0-213-37.wav	ซึ่งทางสพป.ก็ส่งเรื่องไปยังการศึกษาที่การจังหวัดแล้ว
7-7433-24.wav	แล้ววิ่งไปคว้ารถจักรยานยนต์ของนายมี่เพื่อขี่หลบหนี
7-7433-57.wav	และไม่คิดว่าสามีกับนายมี่จะรู้จักกันด้วย
0-215-80.wav	ค่ะหลังจากที่เดินทางกลับมาจากการปฏิบัติหน้าที่ในต่างประเทศ
16-16005-34.wav	ขณะที่อีกด้านหนึ่งพิธีศพของนางสาวกัญญาพงศ์หัดบัน
0-215-81.wav	ได้ส่งหนังสือทันทีนะคะต่อไปยังเจ้าคณะจังหวัดปทุมธานี
16-16007-75.wav	ในการเดินทางข้ามเขตพื้นที่จังหวัดภายหลังมาตรการผ่อนคลาย
16-16007-79.wav	แล้วก็มีการเปลี่ยนแปลงสถานที่กักตัวของจังหวัดบึงกาฬจากเดิม
0-218-12.wav	ระบุว่าวันนี้ตั้งใจเดินทางมาเลือกตั้งเพื่อเลือกผู้นำ
16-16008-138.wav	จากคลิปที่คุณผู้ชมเห็นจะได้ยินเสียงนายแดงตะโกนออกมานะ
0-218-13.wav	เข้าสภาแม้ว่าจะลำบากเรื่องของการเดินทางต้องนั่ง
16-16008-154.wav	ก่อนหน้านี้ดูแลนายแดงเป็นอย่างดีค่ะอยากได้อะไรซื้อให้
21-21824-108.wav	เดินทางมาพบพนักงานสอบสวนอีกครั้งหนึ่ง
0-218-27.wav	เลือกตั้งแล้วก็ยังมีเหล่าบรรดาข้าราชการทหารเดินทาง
16-16008-159.wav	แต่ภาพนั้นปรากฏว่าเป็นภาพของนายแดงนั่งอยู่บนเตียงกับผู้หญิง
16-16008-163.wav	เหมือนกับว่านายแดงเองไม่ใช่คนตอบเอง
0-218-35.wav	กับทีมข่าวนะคะว่าเดินทางมาใช้สิทธิ์เลือกตั้งบอก
21-21824-16.wav	ก็บอกว่าเดินทางมาให้ปากคำในฐานะพยานนะคะ
21-21824-52.wav	คุณพ่อก็มาด้วยก็คือนายดำรง
16-16009-0.wav	ที่จังหวัดนนทบุรีตอนนี้เนี่ยแม่หมูป่าแล้วก็ลูกหมูป่า5ตัวเนี่ยเดินเพ่นพ่านอยู่ในซอยค่ะ
7-7437-12.wav	เดินทางกลับมาถึงสนามบินสุวรรณภูมิ
0-218-36.wav	นะคะว่าวันนี้ตั้งใจเดินทางมาเลือกตั้งค่ะเพื่อไม่
7-7437-15.wav	เดินทางมาถึงเมื่อ2วันก่อนแล้ววันที่28พฤศจิกายนนะครับ
16-16009-13.wav	ปกติทุกวันพระจะเดินทางไปทำบุญที่วัด
7-7439-45.wav	ซึ่งสามารถเดินทางมารับช่วงเวลาใดก็ได้ตามที่ผู้ใช้สะดวกเลยค่ะ
21-21833-10.wav	อำเภอแม่สอดจังหวัดตากนี่นะคะ
0-218-59.wav	ซึ่งก็มีประชาชนทยอยเดินทางกันมาอย่างคึกคัก
0-218-64.wav	เดินทางเข้ามาตรวจหน่วยเลือกตั้งอีกด้วย
0-218-7.wav	ก็ทยอยเดินทางมาใช้สิทธิ์กันอย่างคึกคักเช่นเดียวกันค่ะ
21-21835-11.wav	อำเภอตะกัวป่าจังหวัดพังงานะครับ
21-21835-14.wav	ด้านสำนักงานป้องกันและบรรเทาสาธารณภัยจังหวัดพังงา
21-21835-1.wav	ที่จังหวัดเชียงรายตอนนี้ต้องระมัดระวัง
21-21835-37.wav	ส่วนที่จังหวัดเชียงใหม่นะครับอุทยานแห่งชาติดอยสุเทพปุยยังคงปิดให้บริการน้ำตกแม่สา
7-7442-0.wav	มาดูกันต่อที่เหตุการณ์ที่เกิดขึ้นที่จังหวัดปทุมธานีนะคะอันนี้ไม่รู้ว่าเป็นเพราะอะไร
16-16008-156.wav	31ตุลาคมที่ผ่านมานายแดงบอกว่าจะกลับไปนอนบ้านแม่ที่อำเภอศรีบรรพตอยู่ที่พัทลุง
21-21835-40.wav	สำหรับจังหวัดนครสวรรค์นาข้าวที่กำลังออกรวงในพื้นที่หมู่ที่9ตำบลลาดยาวเสียหายหลายร้อยไร่
0-218-8.wav	บรรยากาศการเลือกตั้งนะคะของผู้มีสิทธิ์เลือกตั้งเดินทางมา
7-7443-12.wav	หนึ่งเดียวในจังหวัดนครพนมเลยนะ
7-7446-12.wav	หากใครที่ตกเป็นผู้ต้องหาและเดินทางกลับเข้าประเทศ
7-7446-16.wav	หากเดินทางมาด้วยเครื่องบินส่วนตัว
16-16008-158.wav	แต่หลังจากนั้นจู่ๆค่ะนายแดงส่งรูปภาพมาให้
7-7446-36.wav	รวมทั้งมอบหมายให้กับนายตำรวจชื่อนี้คุณผู้ชมครับ
16-16009-10.wav	จากการที่สอบถามนายสร้อยคุ้มหรั่งอายุ73ปี
21-21835-6.wav	ขณะที่ภาคใต้ครับจังหวัดพังงา
21-21838-13.wav	ดังนั้นพ่อแม่พี่น้องชาวใต้หรือว่าใครจะไปท่องเที่ยวช่วงนี้ก็ต้องทำใจไว้ด้วยนะคะ
7-7451-0.wav	เรื่องของการใช้รถใช้ถนนในช่วงที่จะมีการเดินทางกันเยอะๆเนี่ยนะครับ
0-222-2.wav	โดยเฉพาะพื้นที่ในจังหวัดนราธิวาส
21-21840-0.wav	คุณผู้ชมคะเราพาไปดูที่บางแสนจังหวัดชลบุรีหน่อยค่ะ
7-7451-1.wav	ก็มีหลายจุดหลายหน่วยงานแล้วก็หลายจังหวัด
16-16009-21.wav	ก็คือนางสาวสาธิกาโกศรีอำนวยอายุ36ปี
21-21843-80.wav	ถ้ำหลวงขุนน้ำนางนอนจังหวัดเชียงรายจนถึงขณะนี้
7-7451-3.wav	รณรงค์ลดอุบัติเหตุอย่างที่นี่ที่จังหวัดหนองคายครับ
21-21847-20.wav	จังหวัดกาญจนบุรีนะครับก็ไปกับญาตินี่แหละ
21-21848-27.wav	อย่างที่จ้าบอกคู่กรณีเยอะมากก็เลยต้องเดินทางมา
7-7454-56.wav	นายกอบต.บางสมบูรณ์คนที่ถูกลอบยิง
0-223-15.wav	แถบๆจังหวัดพิษณุโลกแล้วก็รวมไปถึงทางจังหวัดสิงห์บุรีอ่างทองด้วยนะคะ
21-21850-0.wav	คุณผู้ชมคะที่วัดแห่งหนึ่งค่ะที่จังหวัดนครนายกวัดเขาเอาคลิปมาเตือนภัย
21-21851-119.wav	ลงพื้นที่ไปที่จังหวัดตรังค่ะนะฮะไปบ้านของ
7-7454-6.wav	นี่คือกล้องวงจรปิดจากรถตู้นายกอบต.บางสมบูรณ์นะ
21-21851-125.wav	เป็นคนบ้านเดียวกันนี่แหละที่จังหวัดตรังนะครับ
0-223-22.wav	ส่วนภาคตะวันออกค่ะเช่นกันนะคะแถบจังหวัดจันทบุรีและตราดนั้นเป็นพื้นที่รับฝนเป็นพื้นที่รับลม
7-7455-57.wav	เคยถูกจับข้อหาพยายามฆ่าในพื้นที่จังหวัดกาฬสินธุ์
7-7455-59.wav	กลับมาอยู่บ้านได้ไม่นานครับในพื้นที่จังหวัดเลย
0-223-24.wav	และฝั่งอันดามันนะคะต้องเตือนย้ำหน่อยค่ะบริเวณจังหวัดระนองพังงาภูเก็ตคลื่นสูง12เมตร
7-7455-7.wav	หน้าบ้านหลังหนึ่งที่อำเภอด่านซ้ายจังหวัดเลย
7-7456-38.wav	ชื่อเล่นชื่อไอค่ะอายุ25ปีอยู่จังหวัดประจวบคีรีขันธ์
7-7458-11.wav	แถบจังหวัดระนองพังงาภูเก็ตกระบี่ช่วงนี้ก็จะมีฝนตกชุ่มฉ่ำหน่อยนะคะ
7-7458-14.wav	ทำให้บางพื้นที่บางจังหวัดในแถบตอนกลางภาคอีสานภาคเหนือบางแห่ง
0-223-26.wav	ส่วนกรุงเทพมหานครและปริมณฑลวันนี้ก็มีโอกาสเกิดฝนชุ่มฉ่ำเช่นเดียวกันนะคะส่วนใหญ่แล้วจะเป็นช่วงบ่ายและค่ำแล้วก็มีช่วงดึกอยู่บ้างบางพื้นที่นะคะก็เตรียมรับมือสำหรับใครที่จะเดินทางไปไหนมาไหนนะคะก็เตรียมอุปกรณ์กันให้ดีด้วยเหมือนกันโดยเฉพาะเวลาที่ฝนตกลงมาลมก็จะพัดแรงมาด้วย
21-21851-171.wav	เป็นลูกเลี้ยงของตำรวจนายหนึ่งค่ะแต่ตำรวจนายนี้ก็ไม่ได้ส่งเสียเลี้ยงดูเป็นเพียงแค่ลูกเลี้ยง
7-7458-25.wav	แต่ตอนนี้สิคะคุณผู้ชมที่จังหวัดนครราชสีมาอยากจะพาคุณผู้ชมไปดูความสวยงามของผีเสื้อค่ะ
7-7458-27.wav	ที่นี่นะคะก็คือพื้นที่ที่อยู่ในจังหวัดนครราชสีมาอำเภอครบุรีนั่นเองนะคะ
0-224-11.wav	ตำบลตลาดหลวงอำเภอเมืองจังหวัดอ่างทองเธอบอกว่าสมดังใจปรารถนาได้โชคก้อนใหญ่ก้อนโตกันไป
0-224-13.wav	แล้วนอกจากนี้ยังมีชาวบ้านเดินทางมากราบไหว้ขอพรขอโชคขอลาบกันด้วย
21-21851-69.wav	สาเหตุน่าจะมาจากเรื่องชู้สาวเพราะก่อนหน้าที่ลูกชายเสียชีวิตไปทำงานที่จังหวัดภูเก็ต
21-21851-79.wav	ระหว่างที่อยู่ที่จังหวัดภูเก็ตที่ผู้ตายเขาไปทำงานไปทำอะไรอยู่ที่นั่นเนี่ยนะ
0-224-20.wav	จังหวัดนครศรีธรรมราชก็ทำให้ชาวบ้านทั่วสารทิศ
7-7462-13.wav	ที่อำเภอพระสมุทรเจดีย์จังหวัดสมุทรปราการ
21-21851-83.wav	แล้วอีกคนนึงคือนางสาวแพมแพมเนี่ยเป็นแฟนสาวของออส
7-7463-10.wav	ถัดลงมาจากถ้ำหลวงขุนน้ำนางนอนนะครับ
21-21851-90.wav	เกี่ยวกับเรื่องของผู้หญิงระหว่างลูกชายกับนายออสที่เป็นเพื่อนกันแล้วเพื่อนมาแอบตีท้ายครัว
0-225-153.wav	จากนั้นได้เดินทางหลบหนีไปโดยเดินเท้านะครับ
7-7463-69.wav	จังหวัดเชียงรายก็บอกว่ายินดีแล้วก็เสียสละเพื่อช่วยเหลือ13ชีวิตออกมาได้นะครับ
7-7464-29.wav	แล้วก็จำหน่ายเพียงที่แรกที่เดียวในตัวเมืองจังหวัดขอนแก่นเลยนะครับ
21-21852-47.wav	เขาบอกว่าเขาก็จะไม่เข้าไปค่ะเพราะว่ายังกลัวนายมอสอยู่
0-225-20.wav	เขาทำงานบริษัทผลิตกระดาษแห่งหนึ่งในจังหวัดขอนแก่นนะครับท่านผู้ชมครับ
7-7465-15.wav	ระหว่างทางรถคันนี้ไปจอดอยู่ที่หน้าร้านเป็นร้านค้าแห่งหนึ่งที่อำเภอชุมพวงจังหวัดนครราชสีมา
21-21858-54.wav	อำเภอระแงะจังหวัดนราธิวาสประจำการอยู่8เดือนเต็มนะคะ
21-21858-56.wav	แล้วก็ได้รับการบรรจุเข้ารับราชการตำรวจที่จังหวัดภูเก็ตค่ะ
21-21859-145.wav	หลังจากนั้นวันที่27เมษาน้องเดินทางไปเที่ยวญี่ปุ่นกับครอบครัว
0-226-10.wav	ถ้าหากว่าในจังหวัดอื่นๆ
0-226-58.wav	ยกตัวอย่างเช่นการซื้อจ้างในจังหวัดเองก็คือไม่อยากจะให้ใครผิดกฎกติกาอะไรต่างเราก็มีทีมเขาเรียกว่าคลินิกในการที่จะช่วยมีทีมคลังทีมโยธาทีมอะไรต่างเนี่ยทางท้องถิ่นติดปัญหาเรื่องอะไรต่างเนี่ยเราก็หน่วยงานทางเทคนิคทางวิชาการของเราก็จะช่วยเสริมแล้วก็มีการให้ความรู้เราเกื้อกูลกันอย่าง
0-226-76.wav	หนึ่งในหกจังหวัดแรกของประเทศไทย
0-229-0.wav	หิวไม่ไหวงั้นไปต่อเลยที่จังหวัดเชียงใหม่นะคะ
0-229-48.wav	เขาบอกว่านักท่องเที่ยวจากแบบว่าจังหวัดอื่นเนี่ยแวะมาที่นี่ในช่วงวันหยุดยาว
0-234-1.wav	เกี่ยวกับกรณีระเบิดใน7จังหวัดภาคใต้กันก่อนเลย
0-234-40.wav	ในพื้นที่7จังหวัดภาคใต้ตอนบนค่ะ
0-234-43.wav	ซึ่งได้มีการเดินทางมายังกองปราบปรามและร่วมในการแถลงข่าวในวันนี้นะคะ
16-16009-2.wav	หมูป่าทั้งแม่ทั้งลูก5ตัวเนี่ยมันออกมาหากินอยู่ในซอยร่วมใจตำบลไทรน้อยอำเภอไทรน้อยจังหวัดนนทบุรี
16-16009-31.wav	ที่จังหวัดนนทบุรีที่ซอยร่วมใจตำบลไทรน้อยนะคะ
0-235-50.wav	เป็นชาวจังหวัดนครปฐมอายุ29ปี
0-235-71.wav	ให้ไปประสานกับทางสำนักงานพระพุทธศาสนาจังหวัด
21-21859-216.wav	เขาบอกว่าแต่คนพื้นที่ภูเก็ตเขาบอกว่านางเป็นคนที่จิตใจอ่อนโยน
21-21859-246.wav	นางก็ไปตามผู้ชายมามาช่วยดูแลบอสนะ
21-21859-357.wav	โดยจะมีการซื้อผ่านนายหน้าที่เป็นพนักงานร้านสะดวกซื้อแห่งหนึ่ง
16-16011-18.wav	อยู่ที่อำเภอเมืองจังหวัดระยองนะคะ
16-16013-144.wav	ให้ไปรับแรงงาน14คนเที่ยวริมถนนพื้นที่อำเภอวังเจ้าจังหวัดตากครับ
16-16013-444.wav	ร้องเพลงแบบนี้เนี่ยเพราะว่าผมอยู่ที่จังหวัดพิจิตรนั่นเองครับ
21-21859-419.wav	ผลงานสร้างชื่อของนางก่อนหน้านี้
7-7467-108.wav	เมื่อคืนนี้ตำรวจ20กว่านายกระจายกำลังค้นหาผู้ต้องสงสัยตามห้องต่างๆ
21-21859-427.wav	ดูนางเต้นใหญ่เลย
0-239-11.wav	ได้แจ้งออกจากจังหวัดระยองเมื่อวันที่8มีนาคม
21-21859-431.wav	หนูเคยถามเขาเนี่ยนางมีลูกชายสองคน
7-7467-120.wav	ตำรวจภูธรจังหวัดสมุทรปราการพร้อมอาวุธครบมือ
7-7467-15.wav	เป็นคอนโดย่านเมืองทองในพื้นที่ตำบลบางโฉลงอำเภอบางพลีจังหวัดสมุทรปราการ
7-7467-17.wav	เป็นชาวจังหวัดพิจิตรกลับมาจากซื้อของที่ร้านสะดวกซื้อ
0-240-100.wav	ในสมัยก่อนรถไฟเดินทางไปทางไหนเนี่ย
7-7467-223.wav	ขอเรียกเธอด้วยนามสมมุติเหมือนกันนางสาวฝนนะคะเธอก็บอกว่าช็อกมากที่เพื่อนรุ่นน้องมาถูกฆ่าตาย
21-21859-454.wav	อีกหลายมาตราทางอุทยานได้มอบหมายให้นายเอกฤทธิ์นะฮะ
0-240-137.wav	เรื่องของการขนส่งเดินทางใช่ไหมคะแล้วก็เรื่องของที่ดิน
21-21859-459.wav	ทางพนักงานสอบสวนสภ.สามร้อยยอดได้ส่งหมายเรียกไปถึงนางลีน่าจังจังจา
7-7467-233.wav	ครับรองผู้บังคับการตำรวจภูธรจังหวัดสมุทรปราการก็ระดมตำรวจนะคะ
21-21859-465.wav	นางไม่มาค่ะนางไม่ว่างค่ะ
0-240-138.wav	แต่ถ้าชื่อขึ้นชื่อว่าการรถไฟแห่งประเทศไทยมันน่าจะเป็นเรื่องของการเดินทาง
21-21859-467.wav	หรือแจ้งสาเหตุอันจำเป็นว่าทำไมถึงไม่มาทำไมถึงไม่สามารถเดินทางมาได้
0-240-71.wav	เส้นทางสายแรกของการรถไฟแห่งประเทศไทยเนี่ยเดินทางจากไหนไปไหน
21-21859-471.wav	ทำผิดนะแต่ก็ไม่มานั่นแหละแล้วก็วันนี้อยู่ไหนไม่เห็นไลฟ์เลยข่าวโหดของนางไปไหนแล้วข่าวโหดนางก็ดูเยอะ
21-21859-47.wav	เป็นถึงเจ้าของธุรกิจสถานบันเทิงชื่อดังในจังหวัดภูเก็ต
21-21859-494.wav	อย่างนี้นางทำอย่างนี้
21-21859-875.wav	กับของการจัดงานแต่งงานนางก็จะที่จริงจะแต่งกันอยู่แล้วใช่ไหม
21-21860-29.wav	ซึ่งการเดินทางมาที่นี่นั้นนะคะต้องบอกว่าเป็นการเดินทางที่ค่อนข้างยากลำบากค่ะ
7-7467-283.wav	วันนี้จะนำศพไปประกอบพิธีทางศาสนาที่จังหวัดนครปฐม
21-21860-30.wav	เราใช้ระยะเวลาเดินทางมาถึง3ชั่วโมงเลยทีเดียวค่ะ
21-21860-36.wav	ระยะการเดินทางของเราเนี่ยค่อนข้างจะลำบาก
21-21860-41.wav	ทหารที่ปฏิบัติหน้าที่และภารกิจบนฐานนี้มีเพียง6นาย
21-21860-5.wav	จังหวัดเชียงรายนั้นเขาจะมีวิธีการดำรงชีวิต
0-245-121.wav	ในนามของตัวแทนชาวจังหวัดเชียงราย
7-7467-309.wav	รวมถึงเจ้าที่ตำรวจชุดสืบสวนภูธรจังหวัดสมุทรปราการมีการลงพื้นที่ค่ะตรวจเก็บวัตถุพยานหลักฐานต่างๆเพื่อคลี่คลายคดี
0-245-123.wav	ซึ่งคาดว่าคุณตูนและคณะจะวิ่งถึงพื้นที่จังหวัดเชียงรายในช่วงเย็นวันนี้
0-245-152.wav	แล้วก็ยังไม่รวมจากประชาชนในจังหวัดต่างๆ
7-7468-4.wav	ในอำเภอบางปะกงจังหวัดฉะเชิงเทราค่ะ
21-21868-17.wav	ก็คือนางวีรดาค่ะพอมาเห็นสภาพลูกชาย
7-7470-13.wav	แล้วก็อีกหลายจังหวัดนะครับก็มีรายงานว่าฝนตกเหมือนกัน
7-7470-41.wav	เอาล่ะเป็นอันว่าวันนี้คุณผู้ชมจะต้องวางแผนการเดินทางอย่าง
0-245-184.wav	นี่เป็นคำพูดของนายกรัฐมนตรี
0-245-61.wav	โดยเซต3จะไปจบที่ที่ว่าการอำเภอแม่ใจที่จังหวัดพะเยา
7-7471-68.wav	ก็คือว่าคณะกรรมาธิการร่างรัฐธรรมนูญเดินทางไป
0-245-62.wav	ส่วนเซต4นะคะจะไปจบที่โรงเรียนปูแกงอำเภอพานจังหวัดเชียงราย
0-245-73.wav	นางบอกว่านางจะวิ่งไปให้ถึงสุดเลย
0-246-196.wav	เฉพาะตัวอย่างนะครับอันนี้นะครับการทำโครงการเดินทางไปราชการชั่วคราวเนี่ย
0-246-200.wav	ไปจังหวัดพระนครศรียุธยานะครับทุกอย่างเหมือนกันหมดนะ
0-246-226.wav	บางส่วนยังไงมันเป็นยังไงผมว่าในส่วนของการเดินทางไปราชการนะครับ
0-246-269.wav	แม้แต่กระทั่งคำสั่งเดินทางไปราชการ
0-251-1.wav	เป็นเหตุไฟไหม้ที่เกิดขึ้นที่อาคารพาณิชย์ที่จังหวัดสงขลา
0-252-1.wav	เป็นอุบัติเหตุที่เกิดขึ้นที่จังหวัดตรังนั่นเอง
0-252-26.wav	เดินทางมาจากจังหวัดภูเก็ตส่งผู้ป่วยเสร็จเรียบร้อยแล้วนะคะ
0-252-34.wav	ไปดูที่ถนนสายพัฒนานครแม่สอดจังหวัดตาก
0-252-38.wav	และยิ่งช่วงเทศกาลหรือช่วงอะไรที่ต้องเดินทางกันนะครับ
0-252-58.wav	ก็ยังมีอีกนะคะที่จังหวัดนครปฐมค่ะ
0-252-8.wav	ห้วยยอดที่ตำบลลำภูราที่จังหวัดตรัง
0-253-11.wav	อำเภอนครชัยศรีจังหวัดนครปฐมค่ะ
0-253-3.wav	จะพาไปเสริมดวงกับพระราหูที่จังหวัดนครปฐม
0-254-0.wav	ส่วนที่จังหวัดพังงาค่ะที่นี่ก็ไปเจอกับลูกเสือปลา
0-255-13.wav	ตำบลในเมืองอำเภอเมืองจังหวัดร้อยเอ็ดนะ
0-260-0.wav	คุณผู้ชมค่ะหยุดยาว4วันนอกจากคนจะไปท่องเที่ยวพักผ่อนหย่อนใจแล้ว
0-260-1.wav	หลายคนเดินทางไปทำบุญนะเพราะว่าได้โอกาส
0-260-33.wav	ใช่ค่ะนั่นถึงจะช่วยนะคะอ่ะไปที่สวรรคโลกจังหวัดสุโขทัยกันหน่อยคึกคักเหมือนกันนะคะ
0-262-18.wav	ก็ครอบครัวก็คือพี่สาวคุณแม่ก็เดินทางมานะคะ
0-263-107.wav	ที่เรากำลังพยายามช่วยเหลือกันสำหรับ13คนที่ติดอยู่ในถ้ำหลวงขุนน้ำนางนอนนะครับ
0-263-123.wav	ป้องกันและบรรเทาสาธารณภัยจังหวัดเชียงราย
0-263-128.wav	กาชาติจังหวัดกิ่งกาชาติอำเภอ
0-263-130.wav	องค์การบริหารส่วนจังหวัดเชียงราย
0-263-4.wav	อยู่ภายในถ้ำหลวงขุนน้ำนางนอน
0-263-70.wav	ก็ยังมีเจ้าหน้าที่ป่าไม้40คนนะคะที่เดินทางไปตามแนวรอยเส้นเขตแดน
0-263-99.wav	ซึ่งตอนนี้อยู่ระหว่างการเดินทางเข้ามาในพื้นที่หากมีความคืบหน้า
0-204-56.wav	ซึ่งจริงแล้วจังหวัดเชียงใหม่เขาก็มีการจัดการวิ่ง
21-21807-14.wav	ตำบลโนนป่าซางอำเภอผาขาวจังหวัดเลย
0-208-2.wav	คุณผู้ชมนะคะให้นายคนเดียวค่ะล่าสุดนะคะ
0-210-41.wav	หนักมากด้วยนะหนักมากนางก็เดินแบบนิ่งมากอ่ะ
0-210-42.wav	เดินทางบ่อยจะบอกว่าชุดนี้ทั้งหมดแล้วถ้าสมมุติจะต้องทำให้อีกนางคิดเท่าไหร่
0-210-45.wav	เออนางบอกให้ไอ้ให้ล้านหนึ่งก็ไม่ทำเพราะว่านางเกณฑ์กระเทยทั่วประเทศมาปักกันแบบ
0-211-11.wav	เป็นพิธีของชาวบ้านที่อำเภอโนนสูงจังหวัดมุกดาหาร
0-217-2.wav	ไปกระชับรักกันต่อที่จังหวัดกระบี่ค่ะลงใต้กันไปเลยนะฮะ
0-234-47.wav	เป็นการจับกลุ่มภายหลังจากที่มีเหตุระเบิดในพื้นที่7จังหวัดในภาคใต้ตอนบน
0-239-17.wav	หนะค่ะเรือกำลังจะออกเดินทางไปมาบตาพุธจังหวัดระยอง
7-7441-2.wav	บ้านนี้อยู่ที่หมู่2ตำบลบางกระเบาอำเภอนครชัยศรีจังหวัดนครปฐม
7-7443-10.wav	ชาวบ้านน้อยชลประทานตำบลเวินพระบาทอำเภอท่าอุเทนจังหวัดนครพนม
0-265-2.wav	เขาอยู่ที่สี่แยกไฟแดงจังหวัดปราจีนบุรีค่ะ
0-266-23.wav	จังหวัดนครราชสีมาเป็นผู้นำประกอบพิธีขอขมา
0-266-76.wav	ก็ถ้าเดินทางไปไม่ได้ก็ติดตามทุกขั้นตอนนะครับของ
0-267-10.wav	หาว่านางเป็นคนอย่างนู้นเป็นคนอย่างนี้
0-267-12.wav	ทุกวันนี้นางจะทำงานกับใครก็ต้องให้คิวเฉพาะผู้จัดที่ไฮโซ
0-267-42.wav	ซึ่งนางก็บอกว่าอึ้ยให้ผู้ใหญ่ออกมาเคลียร์เถอะ
0-267-50.wav	แล้วก็ผู้กำกับด้วยที่ช่วยออกมาพูดให้นาง
0-267-60.wav	ก็ต้องเชื่อนางเพราะนางพูดอย่างนี้มีน้ำหนัก
0-267-9.wav	เพราะว่าอะไรๆก็มาด่านางมาว่านาง
0-268-9.wav	ขับผ่านถนนสายมะลิวัลย์วังสะพุงเมืองเลยบริเวณหน้าสำนักงานเขตพื้นที่การศึกษาปฐมศึกษาหรือสปพ.จังหวัดเลยเขต2
21-21874-23.wav	นี่คือเรื่องราวที่มาเตือนกันหน่อยสำหรับใครที่จะวางแผนท่องเที่ยวทำกิจกรรมกันนะครับ
21-21877-17.wav	สองคนชวนกันดื่มเหล้าที่บ้านพักของนายอภิชาติ
21-21878-0.wav	การแสดงระบำช้างผ้าที่ได้ถ่ายทอดเรื่องราวประเพณีช้างผ้าของบ้านเมาะหลวงอำเภอแม่เมาะจังหวัดลำปาง
21-21880-101.wav	ตอนนี้ตำรวจก็ตามไล่ล่านายศักดาอยู่นะครับ
21-21880-59.wav	ก็คือนางสาวแสงเดือนศรีจตุรพรอายุ28ปี
0-271-11.wav	เป็นเหตุฆาตกรรมในบ้านพักพื้นที่ตำบลบ้านใหม่อำเภอเมืองจังหวัดฉะเชิงเทราวันเสาร์ที่ผ่านมา
21-21880-63.wav	นั่นก็คือนางสาวแสงจันทร์ศรีจตุรพรอายุ30ปี
21-21880-79.wav	ซึ่งนายเป้าเป็นเจ้าหน้าที่กรมป่าไม้ในพื้นที่จังหวัดตราดนะครับ
21-21880-82.wav	ศักดาได้เข้ามาพูดคุยเพื่อง้อขอคืนดีกับนางสาวแสงจันทร์อดีตแฟนสาว
21-21880-83.wav	หลังจากที่อดีตแฟนสาวแยกจากนายศักดาแยกกันอยู่สักพักหนึ่งแล้วนะฮะ
21-21880-88.wav	บอกว่าตอนที่ก่อนที่นายศักดาจะชักปืนออกมายิง
21-21880-92.wav	แล้วก็มีรายงานว่าก่อนหน้า1วันที่นายศักดาจะก่อเหตุ
21-21880-96.wav	และนายศักดาก็มาก่อเหตุอีกวันหนึ่งก็คือเมื่อวานนี้นะครับ
21-21882-1.wav	สำหรับขบวนการทุนจีนสีเทาซึ่งก็มีชื่อของนายตู้ห่าวอยู่ในกระแสข่าวอยู่เรื่อย
0-274-100.wav	วันนี้ขี่มอเตอร์ไซค์มาเลยนะฮะบอกดีใจมากที่น้องลิซ่าทำให้ทั่วโลกรู้จักประเทศไทยและจังหวัดบุรีรัมย์และลูกชิ้นยืนกิน
21-21887-21.wav	แถวโรงพยาบาลมหาชัยจังหวัดสมุทรสาครครับ
0-274-111.wav	ของจังหวัดบุรีรัมย์หรือว่าอาหารการกิน
0-274-112.wav	ขึ้นชื่อของจังหวัดบุรีรัมย์เนี่ยมีชื่อเสียงมากยิ่งขึ้นค่ะ
21-21892-27.wav	หลังจากการสอบสวนขยายผลนายอานนท์
0-274-115.wav	โรงเรียนโนนสุวรรณพิทยาคมจังหวัดบุรีรัมย์บ้านเกิดค่ะ
21-21893-38.wav	นายทวีพรหรือในเอ๋อรับสารภาพว่ายิงลุงพรตายจริง
0-274-121.wav	คือวันนี้ทีมข่าวก็ไปที่โรงเรียนโนนสุวรรณพิทยาคมที่อำเภอโนนสุวรรณจังหวัดบุรีรัมย์นะคะ
21-21893-28.wav	ผู้ก่อเหตุนายทวีพรลัดลอยหรือในเอ๋ออายุ40
0-274-46.wav	ลูกชิ้นยืนกินที่สถานีรถไฟจังหวัดบุรีรัมย์ค่ะบ้านเกิดของน้องลิซ่านะฮะ
0-274-54.wav	หรือว่าวัคซีนชนิดอื่นที่ครบตามเกณฑ์ของทางจังหวัดกำหนดด้วย
7-7471-69.wav	ทางจังหวัดไหนที่มีเป็นกลุ่มเป้าหมายที่ต้องไปทำ
0-274-56.wav	คือแล้วในงานเนี่ยวัยรุ่นในพื้นที่จังหวัดบุรีรัมย์เขาก็
21-21894-15.wav	ขณะที่นายพงศักดิ์กำลังนั่งกินข้าวที่โต๊ะอาหาร
21-21894-38.wav	จนเป็นเหตุให้นายพงศักดิ์ถูกแทงเสียชีวิต
21-21895-11.wav	จังหวัดเองก็ต้องมีการเพิ่มมาตรการป้องกันเหมือนกัน
7-7471-73.wav	ทางจังหวัดอบจ.อบต.ไม่รู้ล่ะ
21-21895-16.wav	เพื่อประชาสัมพันธ์ให้ประชาชนรับทราบต่อไปแต่คนก็ไม่ได้เดินทางไปเหมือนแต่ก่อนนะครับ
7-7472-55.wav	เพื่อทำหนังสือชี้แจงให้ทางจังหวัดรับทราบข้อที่จริงอีกครั้ง
7-7477-31.wav	วัดป่าขันติธรรมจังหวัดศรีสะเกษ
7-7477-38.wav	จะไปสร้างที่วัดในจังหวัดสุพรรณบุรี
0-275-124.wav	มันก็ผ่านของมันมาเรื่อยๆเรื่อยๆเรื่อยๆแค่มันไม่ได้ดั่งใจค่ะพี่นางคะ
0-275-155.wav	พี่นางตัดสินใจเลยว่าไปค่ะ
7-7478-115.wav	คือท่านเดินทางไปก่อนประชุมศบค.
0-275-16.wav	เข้ามาค่ะสวัสดีค่ะคุณอ้อยพี่ชื่อนางนะคะอายุ56
21-21895-27.wav	ก็มีการไปตรวจร่างกายพระอาคันตุกะ10รูปเพิ่งเดินทางกลับมาจากมาเลเซียแล้วก็ไปพักอยู่ที่วัดหาดใหญ่ตั้งแต่18มีนาคม
0-275-97.wav	นี่แหละค่ะแต่อันหนึ่งนะคะพี่นางค่อยค่อยทำความ
21-21895-2.wav	ทางจังหวัดต้องมีการประกาศปิดสำนักทะเบียนท้องถิ่นทุกพื้นที่
21-21895-54.wav	แล้วตีเชิงสัญลักษณ์นะคะไปที่จังหวัดตากค่ะ
7-7478-30.wav	ไอ้เรื่องของการปรับโซนสีตามจังหวัดต่างๆคงเดิมนะคะ
0-279-1.wav	เกิดขึ้นที่จังหวัดกระบี่นะครับต้องบอกว่าสุนัขเนี่ยมันเป็นเพื่อนคู่ชีวิต
21-21895-58.wav	จากประชาชนที่เดินทางมาจากกรุงเทพแล้วก็อีกหลายจังหวัดกลุ่มเสี่ยงนะคะ
7-7478-31.wav	แปลว่าจังหวัดของท่านใช้มาตรการเหมือนเดิม
7-7478-59.wav	ผู้หญิงคนนี้เดินทางมาจากแม่สอดจังหวัดตากนะคะ
21-21895-59.wav	คือมีหลายคนมากที่เดินทางมาจากพื้นที่เสี่ยง
21-21897-0.wav	ตอนนี้เดินทางไปแข่งขันรายการพิเศษที่ประเทศเวียดนามอยู่ค่ะ
0-279-8.wav	ทับปริกอำเภอเมืองจังหวัดกระบี่นะครับ
0-282-148.wav	มันจะเดินทางไปต่อแบบไหนอะครับ
21-21902-50.wav	แล้วจะเรียกนายพิธามาให้ข้อมูลในฐานะผู้ถูกร้องหรือไม่
21-21902-52.wav	เมื่อถามว่าการยื่นคำร้องของนายพิธาเป็นการเตะตัดขากันทางการเมืองหรือเปล่า
21-21903-121.wav	ขอให้ผู้ที่จะเดินทางไปชุมนุมมานัดเจอกันที่จุดรวมตัวก่อน
0-283-0.wav	คุณผู้ชมค่ะเมื่อวานนี้เป็นวันพระมีคุณผู้ชมทางบ้านส่งมาอวยพรเราด้วยบอกว่าไปทำบุญมาแล้วก็เอาบุญมาฝากนะคะแต่ว่าเดี๋ยวเราพาคุณผู้ชมไปที่จังหวัดขอนแก่นค่ะ
21-21903-134.wav	ถ้าเกิดท่านนายกลาออกจะไม่ตีกันเนี่ย
21-21903-33.wav	ส่วนที่จังหวัดลพบุรีเป็นยังไงครับน้องปุ้ยฮะ
21-21903-40.wav	ปัญหาการคมนาคมในจังหวัดลพบุรี
7-7481-10.wav	เหตุการณ์นี้เกิดขึ้นที่บ้านหนองไฮใต้ในอำเภอหนองบัวแดงจังหวัดชัยภูมิค่ะ
21-21903-60.wav	ครับส่วนนักเรียนในอำเภอพระประแดงจังหวัดสมุทรปราการนะครับ
21-21903-81.wav	มีเจ้าหน้าที่หลายร้อยนายนะคะดูแลความปลอดภัย
21-21905-0.wav	ในวันนี้นะคะก็มีอีกหนึ่งขวัญกำลังใจที่เดินทางมาทำพิธีอธิษฐานจิตให้ทั้ง13ชีวิตอยู่รอดปลอดภัยด้วย
0-285-10.wav	ภายในวัดท้ายเกาะตำบลไตรตรึงษ์จังหวัดกำแพงเพชร
21-21905-15.wav	วันนี้เองครับก็เลยมีการนิมนต์พระครูบาบุญชุ่มนะครับที่เป็นพระคู่บ้านคู่เมืองของชาวจังหวัดเชียงรายครับ
0-285-5.wav	ชาวบ้านที่รู้ข่าวก็เลยเดินทางไปที่วัดแห่งนี้
7-7489-1023.wav	หรือที่ชาวบ้านเรียกง่ายว่าวัดป่านาฝายจังหวัดเลย
7-7489-1030.wav	หลังจากนั้นก็กลับมาทำบุญต่อที่วัดป่าสว่างธรรมจังหวัดอุดร
7-7489-1075.wav	เป็นผู้ป่วยติดเตียงเพิ่งรู้นางก็ลุกขึ้นไปวิ่ง
21-21905-5.wav	จำนวน13ชีวิตที่ติดอยู่ในถ้ำหลวงขุนน้ำนางนอนนะครับต้องบอกว่า
7-7489-1086.wav	คุณพ่อใช้ชีวิตอย่างมีความสุขเดินทางไปต่างประเทศแทบจะทุกเดือน
21-21909-16.wav	วันนี้ยังทยอยเดินทางมารับใบรับรอง
21-21909-22.wav	ทยอยเดินทางมาตั้งแต่ช่วงเช้า
7-7489-204.wav	อยู่ที่ตำบลพระพุทธบาทอำเภอพระพุทธบาทจังหวัดสระบุรีเนี่ย
21-21910-25.wav	อยู่ในพื้นที่อำเภอบ้านไร่จังหวัดอุทัยธานี
7-7489-241.wav	จะคุมตัว2ผู้ต้องหาเนี่ยไปรอขออำนาจศาลจากจังหวัดสระบุรีก่อน
21-21913-26.wav	ท้องที่สภ.บางพลีจังหวัดสมุทรปราการค่ะ
7-7489-283.wav	ที่เอ่อนายคนนี้เขาไปพบอยู่นะคะก็
7-7489-284.wav	เขาบอกว่าที่หมู่บ้านนี้นะคะอยู่ที่จังหวัดชัยภูมินะคะ
7-7489-287.wav	ชาวจังหวัดนครนายกจมน้ำเสียชีวิต
7-7489-660.wav	ที่จังหวัดเชียงใหม่ก็ที่อุทยานดาราศาสตร์สิรินธรอำเภอแม่ริม
7-7490-30.wav	ไปทานกันได้ร้านชื่อว่าร้านไอวานะกว๊านพะเยาอยู่ที่ตำบลเวียงอำเภอเมืองจังหวัดพะเยา
7-7490-8.wav	ตั้งอยู่ที่ถนนชายกว้านตำบลเวียงอำเภอเมืองจังหวัดพะเยา
21-21921-59.wav	มหาวิทยาลัยแม่โจ้จังหวัดเชียงใหม่กว่าพันคนนะคะ
21-21925-1.wav	หายไปนะคะจากสถานีเพาะเลี้ยงนกน้ำบางพระจังหวัดชลบุรี
7-7492-22.wav	ในพื้นที่หมู่6ตำบลนาท่อมอำเภอเมืองจังหวัดพัทลุง
21-21926-10.wav	แต่ว่าจนถึงขนาดนี้ยังไม่มีการเดินทางกลับไปยังบ้านพักในประเทศสเปน
7-7492-26.wav	นักธุรกิจรับเหมาก่อสร้างรายใหญ่ในจังหวัดพัทลุง
7-7492-42.wav	เดินทางไปติดตามความคืบหน้าของคดีด้วยตัวเองเลยนะคะ
21-21926-11.wav	อีกทั้งฐานข้อมูลของสำนักงานตรวจคนเข้าเมืองของไทยก็ไม่พบว่านักท่องเที่ยวรายนี้เดินทางออกจากประเทศไทยไปแล้วเช่นกันครับ
21-21926-72.wav	ได้รับการตอบกลับจากญาติหรือยังคะว่าจะเดินทางมาให้ตรวจสอบดีเอ็นเอได้เมื่อไหร่
21-21927-233.wav	เราต้องพัฒนาเป็นภาคเป็นกลุ่มจังหวัดและเป็นจังหวัดนะครับ
7-7497-10.wav	กู้ชีพจังหวัดกาญจนบุรีช่วยหญิงสาวชาวเมียนมาอายุ40ปี
21-21928-1.wav	ต่างนิยมเดินทางไปท่องเที่ยวนะครับ
7-7498-8.wav	ก่อนจะเดินทางกลับด้วยสีหน้าเรียบเฉย
7-7499-12.wav	อยู่ที่ตำบลวังพงศ์อำเภอปราณบุรีจังหวัดประจวบคีรีขันธ์14ไร่นะครับ
21-21930-2.wav	สุดสัปดาห์นี้ใครวางแผนจะไปท่องเที่ยวต้องบอกคุณผู้ชมไว้ให้เตรียมตัวเตรียมใจให้ดี
21-21930-8.wav	รวมไปถึงงดการท่องเที่ยวทั้งฝั่งอ่าวไทยและอันดามันไปก่อนนะคะแต่ว่าคุณผู้ชมท่านใดค่ะที่จะเดินทางไปภาคเหนือภาคอีสานก็ต้องตรวจสอบสภาพอากาศกันอย่างละเอียดกันอีกครั้งหนึ่ง
7-7499-43.wav	ส่วนการขายที่ดินที่อำเภอปราณบุรีจังหวัดประจวบคีรีขันธ์นะครับ
21-21931-35.wav	ครับและทั้งคู่ก็เดินทางกลับทีเนี้ยพนักงานสอบสวน
21-21931-44.wav	ทีนี้เราก็ตรวจสอบดูนะคะว่าตกลงแล้วเป็นลูกของนายตำรวจระดับสูงจริงหรือเปล่า
7-7499-4.wav	สื่อก็พุ่งเป้าแล้วให้ความสนใจที่บัญชีทรัพย์สินของนายพิธาลิ้มเจริญรัตน์นะครับ
21-21931-4.wav	ผู้ชายคนนี้อายุ27แล้วก็บอกน้องว่าเป็นลูกชายนายตำรวจระดับสูงเลย
21-21931-55.wav	สถานที่เกิดเหตุอยู่ในพื้นที่จังหวัดนนทบุรีเป็นโรงแรมม่านรูดในอำเภอบางกรวย
7-7502-126.wav	คุณผู้ชมครับเดินทางมาถึงตรงจุดนี้ครับ
7-7502-171.wav	เดินทางไปที่จังหวัดนครสวรรค์ครับขึ้นรถไป
21-21933-41.wav	ในอำเภอเวียงป่าเป้าจังหวัดเชียงราย
7-7502-173.wav	และไปสังเกตการใช้ชีวิตของน้องเข้าสู่จังหวัดนครสวรรค์
21-21933-55.wav	แล้วก็จังหวัดใกล้เคียงแม้จะตัวเล็กกว่า
7-7502-24.wav	ที่แม่กลองจังหวัดสมุทรสงครามครับ
21-21933-6.wav	ที่จังหวัดเชียงใหม่เขาเป็นผู้หญิงเหมือนดิฉันเลย
7-7503-5.wav	หมู่3ตำบลบึงอำเภอศรีราชาจังหวัดชลบุรีนะครับ
7-7504-8.wav	ที่บ้านเมืองทองตำบลเมืองทองจังหวัดร้อยเอ็ดนะครับ
7-7507-10.wav	เป็นชาวบ้านคำขามอำเภอหนองกรุงศรีจังหวัดกาฬสินธุ์
7-7507-13.wav	ผู้บังคับการตำรวจภูธรจังหวัดกาฬสินธุ์และเจ้าหน้าที่สำนักงานยุติธรรมประจำจังหวัด
7-7507-33.wav	จากสำนักงานยุติธรรมจังหวัดกาฬสินธุ์นะคะ
21-21902-43.wav	ส่วนคำร้องการถือหุ้นสื่อของนายพิธาลิ้มเจริณรัตน์
21-21937-64.wav	เจ้าหน้าที่บอกว่าเดี๋ยวต้องประสานไปยังจังหวัดปทุมธานีนะฮะ
21-21909-71.wav	นายปียบุตรเลขาธิการพรรคอนาคตใหม่ก็เดินทางเข้ายื่นคำร้อง
7-7507-30.wav	นางสาวไพรินรัตนโกสินทร์อายุ35ปีบอกว่า
7-7516-40.wav	ในการปฏิบัติหน้าที่รวมๆแล้ว16นายค่ะ
21-21942-10.wav	และถือว่าเป็นเสาหลักของจังหวัด
21-21942-8.wav	ได้เข้ามาพูดคุยและร่วมแสดงความเสียใจต่อการจากไปของนายบรรหาร
21-21942-9.wav	ซึ่งเป็นที่เคารพรักของประชาชนจังหวัดสุพรรณบุรี
21-21944-20.wav	ก็จะมีลูกค้าบางส่วนที่ไหว้ในช่วงบ่ายเดินทางออกมาจับจ่ายใช้สอยกันค่ะ
21-21944-6.wav	เพื่อเป็นการอำนวยความสะดวกให้กับประชาชนที่จะเดินทางมากราบไหว้ขอพรในช่วงเช้านี้ค่ะ
21-21947-213.wav	ส่วนนายเฉลิมชัยเฟื่องคอนก็เสนอนะคะว่า
21-21948-3.wav	พาคุณผู้ชมไปที่จังหวัดประจวบคีรีขันธ์นะคะ
21-21950-10.wav	รองลงมา353บาทมี6จังหวัด
21-21950-9.wav	จะมี3จังหวัดนะคะคือชลบุรีระยองและภูเก็ตค่ะ
21-21951-58.wav	ด้านผู้เสียหายได้เดินทางไปยังศาลจังหวัดตลิ่งชัน
21-21952-19.wav	หลังจากที่เสร็จสิ้นพิธีได้เห็นนางรำกว่า20คนผ่านไปแล้วเนาะ
21-21952-32.wav	อารมณ์ประมาณว่าแจกโชคไงเผื่อไปลุ้นโชคกันต่อสำหรับนางรำ
21-21953-40.wav	นางรัตนาพรสุภาทิพย์หรือเจ๊บ้าบิน
21-21953-71.wav	กลุ่มตำรวจที่ทำคดีที่จังหวัดกาญจนบุรี
21-21954-17.wav	ฝ่ายปกครองจังหวัดมหาสารคามและทหาร
21-21954-1.wav	และคิดดอกเบี้ยโหดบ้างทางด้านของฝ่ายปกครองจังหวัดมหาสารคาม
21-21954-36.wav	บอกว่าตัวเองเป็นชาวจังหวัดชัยนาทนำเงินจำนวนหลายล้านบาทเนี่ยมาปล่อยกู้ให้ชาวบ้านในภาคอีสาน
21-21956-0.wav	พนมทวนจังหวัดกาญจนบุรีคุณผู้ชม
21-21959-13.wav	ใครที่อยากจะทำบุญสามารถร่วมบริจาคกันได้ที่ธรรมสถานแม่ชีหลวงดาจังหวัดปทุมธานีนะคะ
21-21959-4.wav	ธรรมสถานแม่ชีหลวงดาจังหวัดปทุมธานี
21-21959-6.wav	พลังความศรัทธาจากเหล่าลูกศิษย์ค่ะเดินทางมาร่วมงานกัน
21-21960-8.wav	เขาประเดิมเล่นไปแล้วเมื่อคืนก่อนนะคะที่จังหวัดสระบุรีค่ะ
21-21964-66.wav	โดยพบว่าตั้งแต่บริเวณจังหวัดสุราษฎร์ธานี
21-21966-104.wav	เธอก็ใช้ชีวิตและมีความลำบากในเรื่องการเดินทางอยู่แล้ว
21-21966-41.wav	ล่าสุดค่ะผู้สื่อข่าวเราเดินทางไปที่บ้านของผู้หญิงคนนี้นะคะ
21-21967-103.wav	เขาจะเดินทางจากกรุงเทพไปที่เกาะสมุย
21-21967-106.wav	นายมงคลทองโบราณพร้อมด้วยภรรยาและลูกอีก2คนนี้นะคะ
21-21967-110.wav	ก็คือเดินทางเลยไม่ได้มีการพักในวันนั้น
21-21967-124.wav	โอนเงินมาให้เพื่อที่จะเดินทางต่อจนถึงช่วงเช้า
21-21967-125.wav	ก็คือไปถึงที่เกาะสมุยที่จังหวัดสุราษฎร์ธานี
21-21967-14.wav	เขาเล่าให้ฟังบอกว่าตัวเองเดินทาง7มกราคมที่ผ่านมา
21-21967-73.wav	จังหวัดประจวบอำเภอชะอำจังหวัดเพชรชบุรี
21-21973-1.wav	อย่างโตโยต้าเองครับไปปลูกป่านิเวศให้กับพื้นที่จังหวัดน่านโดยใช้เทคนิคพิเศษนะครับ
21-21973-5.wav	และอาสาสมัครในพื้นที่จังหวัดน่าน
21-21974-0.wav	โอ้โหภาพนี้เหตุการณ์นี้อาจจะเป็นอีกครั้งหนึ่งที่เป็นอุทาหรณ์นะคะสำหรับการเดินทางบนท้องถนนเนี่ยค่ะ
21-21975-2.wav	วันนี้ก็เดินทางไปพร้อมกับทนายความ
21-21979-20.wav	นะฮะเป็นอาสาสมัครหนึ่งเดียวที่เดินทางมาจากจังหวัดประจวบคีรีขันธ์นะครับ
21-21979-24.wav	ลุงก็จะเอามาเลี้ยงแต่วันนี้คุณลุงเขาเดินทางมาที่นี่ตั้งใจเลยครับ
21-21979-25.wav	ที่มาที่ถ้ำหลวงในนามของจิตอาสาจังหวัดประจวบคีรีขันธ์นะครับ
21-21979-45.wav	แต่ผมก็ไม่สนใจนะครับจะได้ไม่ได้จะหมดงบเท่าไรการเดินทางผมนะ
21-21979-49.wav	เขาก็บอกว่าเขาเนี่ยเป็นชาวจังหวัดนครศรีธรรมราชตั้งใจมานวดให้ฟรีเลย
21-21980-28.wav	ผู้กำกับการสถานีตำรวจภูธรจังหวัดพระนครศรีอยุธยา
21-21982-16.wav	พร้อมด้วยนางสาวสมศรีสายสมคุณบุตรสาวคนโต
21-21984-17.wav	ตำรวจชุดสืบสวนเชิญตัวนางสาววิไลพร
21-21984-186.wav	ผู้สื่อข่าวก็ถามเพื่อนบ้านชื่อว่านางสาวติ๊กนะคะ
21-21984-74.wav	พัฒนาสังคมและความมั่นคงของมนุษย์จังหวัดชลบุรี
21-21990-5.wav	ก็มีการโพสต์เรื่องราวของผู้หญิงคนหนึ่งก็เดินทางไปเที่ยวสเปนช่วงปีใหม่
21-21991-0.wav	จังหวัดเลยมีคนไปพบศพผู้หญิงคนหนึ่งเป็นผู้ช่วยผู้ใหญ่บ้าน
21-21991-12.wav	นายบุญธรรมวัย67ปีพ่อผู้ตายซึ่งอยู่ในอาการโศกเศร้าเล่าว่า
21-21991-16.wav	พบผู้ต้องสงสัยคือนายขจรวัย40ปีที่บ้านอยู่ห่างกันไม่ถึงร้อยเมตรโดยเมื่อ2เดือนก่อน
21-21991-17.wav	นายขจรเคยเข้ามาลักทรัพย์ในบ้านหลังนี้ได้เงินไป8500บาทแต่มีคนมาเจรจาเจ้าของบ้านเห็นเป็นคนบ้านเดียวกันจึงไม่เอาเรื่อง
21-21991-40.wav	ตำรวจยังบี้สอบปากคำนายขจร
21-21991-44.wav	ในชั้นนี้นายขจรยังให้การปฏิเสธตลอดข้อหา
21-21991-48.wav	ไม่ว่าใครจะเป็นคนร้ายนายขจรจะเกี่ยวข้องหรือไม่
21-21991-50.wav	แต่ในชั้นนี้ตำรวจแจ้งข้อหานายขจร
21-21991-7.wav	เช้าตรู่วันที่23สิงหาคมตำรวจสภ.ภูกระดึงรุดไปชนะสูตรพลิกศพนางสาวดัชนี
21-21993-107.wav	ก็ต้องมีการบวงสรวงนางตะเคียน
21-21993-108.wav	เพราะว่าเชื่อว่านางศักดิ์ตะเคียนสิงสถิตอยู่แล้วก็เป็นต้นไม้เก่าแก่
21-21993-110.wav	ถ้าเป็นเรือนำมาทำเป็นเรือก็จะเรียกนางตะเคียนนี้ว่าแม่ย่านาง
21-21993-111.wav	ถ้ามาทำเป็นบ้านก็จะเรียกนางตะเคียนว่าผีบ้านผีเรือน
21-21993-112.wav	อันนี้เป็นความเชื่อแต่โบร่ำโบราณเกี่ยวกับเรื่องของนางตะเคียน
21-21993-1.wav	ว่าแต่ละจังหวัดเขาไปขอที่ไหนมีเลขอะไร
21-21993-98.wav	ความเชื่อของนางตะเคียนมีความเชื่อมาแต่โบร่ำโบราณคุณ
21-21994-13.wav	โรงเรียนสามัคคีวิทยาคารเทศบาลเมืองน่านอำเภอเมืองน่านจังหวัดน่าน
21-21994-2.wav	คุณผู้ชมจำได้ไหมคะก่อนหน้านี้โรงเรียนแห่งหนึ่งที่จังหวัดน่าน
102-102024-8.wav	ยิงซะเลยท่านผู้ชมดูนะฮะอันนี้อยู่ในจังหวัดพัทลุงนะครับ
7-7508-7.wav	ฝ่ายปกครองจังหวัดมหาสารคาม
0-289-0.wav	ฉุกเฉินของโรงพยาบาลที่จังหวัดสกลนครครับคุณผู้ชมครับ
0-291-27.wav	รวบตัวได้3คนคนแรกชื่อว่านายจ๊าบ
0-292-2.wav	ลักทรัพย์บ้านถึง3หลังในพื้นที่2อำเภอของจังหวัดเชียงราย
0-295-47.wav	ตำบลนาเกลืออำเภอบางละมุงจังหวัดชลบุรี
0-300-22.wav	ก็ต้องตรวจสอบสภาพอากาศดีๆสำหรับใครที่จะไปท่องเที่ยว
0-300-32.wav	ใครที่จะใช้ชีวิตเดินทางไปต่างจังหวัดหรือว่าทำกิจกรรมกลางแจ้ง
21-21994-22.wav	คือนายสุรพลเธียรสูตรนายกเทศมนตรีเทศบาลเมืองน่านเลยนะคะ
0-305-1.wav	จังหวัดนครราชสีมาผู้หญิงคนหนึ่งเธอไปทำบุญที่วัดบ่อย
21-21993-87.wav	นายน้อยคนขับรถแบ็กโฮขุดลอกคลองบอกว่า
0-310-25.wav	ใกล้ศพกับผู้ตายนั่นแหละนอกจากนี้มีนายเอ
0-312-16.wav	นายเอกเนี่ยมาทำร้ายร่างกายเธอพร้อมกับขู่ฆ่าแล้วแอบกระทำกับลูกสาวคนโตเรื่อยมา
21-21993-67.wav	รวมถึงมีเสื้อผ้าชุดนางตะเคียนสวยๆแบบนี้ด้วย
7-7510-51.wav	หลังจากที่ตำรวจรับทราบนะตำรวจก็มาเป็น10นายเลยมากับชาวบ้าน
0-312-8.wav	อยู่กินกับนายเอกมานานกว่า10กว่าปีแล้ว
21-21993-13.wav	นายคำลือเขตสนานผู้ใหญ่บ้านคำบอนเวียงชัยบอกเลยค่ะว่า
21-21992-1.wav	เพราะว่าที่หมู่บ้านแห่งหนึ่งที่อำเภอท่าลี่ที่จังหวัดเลย
21-21991-5.wav	และมีรอยเล็บข่วนตายคาที่นอนในบ้านชั้นเดียวซึ่งเปิดเป็นร้านขายของชำในตำบลศรีฐานอำเภอภูกระดึงจังหวัดเลย
21-21991-18.wav	และที่สำคัญตามตัวนายขจรมีร่องรอยบาดแผลคล้ายรอยขีดข่วนด้วยตำรวจจึงควบคุมตัวไว้สอบสวน
21-21985-19.wav	รับอากาศหนาวท่องเที่ยวบนอุทยานแห่งชาติเขาใหญ่
0-315-19.wav	อำเภอห้วยกระเจาจังหวัดกาญจนบุรี
21-21984-71.wav	ส่วนนางอรุณรัศมีบุญเกิดนักสังคมสงเคราะห์ชำนาญการ
0-316-28.wav	เหตุการณ์นี้เกิดขึ้นในตลาดเกาะโพธิ์จังหวัดชลบุรีนะคะ
7-7516-49.wav	มีเป็นระดับพนักงานสอบสวน7นาย
7-7516-50.wav	เป็นผู้กำกับสน.4นาย
7-7516-51.wav	รองผู้บังคับการ2นายคือมีหลายระดับเลยนะ
7-7516-54.wav	ทีนี้ไปดูความเคลื่อนไหวที่จังหวัดอุดรธานีกันหน่อยค่ะ
0-320-10.wav	อำเภอหนองสองห้องจังหวัดขอนแก่นค่ะและผู้ชายคนนี้เอามีดพร้า
7-7516-83.wav	ไปสำนักงานที่ดินเพื่อโอนที่ดินในจังหวัดอุดรฯให้
7-7519-38.wav	หรือจังหวัดใกล้เคียงนี่แหละท่านมั่นใจแบบนั้น
7-7519-39.wav	และเมื่อวานนี้ครับคุณผู้ชมครับศาลจังหวัดกระบี่
7-7519-81.wav	แล้วก็นำศพไปฝากไว้กับมูลนิธิประชาสันติสุขจังหวัดกระบี่
0-323-165.wav	เดินทางกลับบ้านมาถึงใต้บริเวณสะพานข้ามคลองแสนแสบนะฮะ
7-7520-64.wav	ส่วนในวันนี้นะคะที่ประชุมกกต.มีมติให้นับคะแนนใหม่ในเขตเลือกตั้งที่3จังหวัดขอนแก่น2หน่วยเลือกตั้งนะคะ
0-323-369.wav	ก็เลยเดินทางมาจากที่นครราชสีมามานั่งคุยกับผมวันนี้
0-323-579.wav	ดันไปสะเทือนใจนางร้ายเธอ
7-7520-68.wav	ที่คะแนนของผู้มาใช้สิทธิ์เลือกตั้งไม่ตรงกับบัตรเลือกตั้งซึ่งก็คือที่จังหวัดลำปางเขตเลือกตั้งที่2หน่วยเลือกตั้งที่6และหน่วยเลือกตั้งที่3
0-323-580.wav	เพราะนางร้ายแซ่บคนเนี้ยเคยมีเรื่องราวแบบว่า
7-7520-69.wav	จังหวัดยโสธรเขตเลือกตั้งที่2หน่วยเลือกตั้งที่6จังหวัดเพชรบูรณ์เขตเลือกตั้งที่1หน่วยเลือกตั้งที่12
0-324-114.wav	มาจังหวัดเดียวได้เที่ยวถึง3อ่าว
7-7520-70.wav	จังหวัดพิษณุโลกเขตเลือกตั้งที่2หน่วยเลือกตั้งที่6และกรุงเทพมหานครเขตเลือกตั้งที่13หน่วยเลือกตั้งที่32เขตบางกะปิ
21-21984-54.wav	ส่วนคนนี้ก็คือนางสาวรสรินพฤหัสหรือว่าครูดาว
7-7523-10.wav	ส่วนที่จังหวัดนครราชสีมากู้ภัยฮุก31รับแจ้งจากชาวบ้านว่ามีรถพุ่งตกลงไปในคลองบริเวณประตูเขื่อนคนชุมริมทางหลวงชนบทสายโรงเรียนสุรนารี2อำเภอเมืองนครราชสีมา
7-7523-15.wav	สอบถามทราบว่าคนขับเป็นตำรวจสังกัดโรงพักแห่งหนึ่งในจังหวัดนครราชสีมา
0-324-132.wav	ในจังหวัดประจวบคีรีขันธ์เลยล่ะครับ
7-7523-20.wav	ที่จังหวัดระยองเกิดอุบัติเหตุรถหกล้อบรรทุกดิน
7-7523-31.wav	ปิดท้ายที่จังหวัดชลบุรีชาวบ้านพบชายเสียชีวิตภายในรถกระบะ
0-324-38.wav	ไปแจกกันถึงหน้าจังหวัดนะครับ
7-7525-28.wav	ก็สำรองน้ำมันเชื้อเพลิงในคลังน้ำมันที่จังหวัดสุราษฎร์ธานี
21-21984-30.wav	แล้วก็ระหว่างสอบปากคำนางสาววิไลพรก็เครียด
0-324-3.wav	ประจวบคีรีขันธ์จังหวัดตอนล่างสุดของภาคกลาง
0-324-4.wav	เป็นประตูก่อนสู่จังหวัดภาคใต้
0-324-99.wav	อำเภอเมืองจังหวัดประจวบคีรีขันธ์
7-7529-16.wav	มหาวิทยาลัยสงขลานครินทร์อำเภอหาดใหญ่จังหวัดสงขลา
0-325-7.wav	เตียงเต็มเกือบทุกโรงพยาบาลในเขตอำเภอเมืองจังหวัดจันทบุรี
21-21984-224.wav	ทนายเอกเล่าให้ฟังหน่อยค่ะตกลงเรื่องราวตั้งแต่ต้นที่รับเรื่องจนกระทั่งถึงตอนนี้เป็นอย่างไรบ้าง
7-7534-0.wav	ที่จังหวัดมุกดาหารนะคะเขาร่วมกับภาครัฐค่ะจัดกิจกรรมปั่นจักรยาน
21-21984-221.wav	ทนายรณณรงค์แก้วเพ็ชร์ก็มาออกรายการ
7-7534-3.wav	นี่เลยค่ะสมาคมอุตสาหกรรมการท่องเที่ยวจังหวัดมุกดาหารนะคะ
21-21984-172.wav	ลักษณะของบ้านประมาณสักร้อยตารางวาอยู่ในซอยชัยพรวิถี11ตำบลหนองปรืออำเภอบางละมุงจังหวัดชลบุรี
0-331-0.wav	ต่อที่ความคืบหน้าของคดีที่ผู้กองโยครับตำรวจสภ.นายงจังหวัดตรัง
7-7534-5.wav	การท่องเที่ยวแห่งประเทศไทยสำนักงานท่องเที่ยวและกีฬาจังหวัดมุกดาหาร
7-7534-6.wav	ชมรมจักรยานเพื่อสุขภาพและแข่งขันจังหวัดมุกดาหารค่ะ
7-7540-34.wav	แล้วก็มีศิลปินกราฟิตี้ในจังหวัดนครศรีธรรมราช
7-7542-25.wav	แล้วก็แก้อาการง่วงตลอดการเดินทาง
7-7544-13.wav	ที่ประสงค์เดินทางไปร่วมลงนาม
21-21983-7.wav	เจ้าหน้าที่ก็กำลังค้นหาค้นหาตัวนางสาวนันทนาอยู่
21-21982-61.wav	ทางด้านของนางฉวีวรรณลูกจันทร์
21-21982-28.wav	ฝั่งของแม่ยายเองก็คือนางมานิตย์
7-7544-20.wav	ประจำสำนักนายกรัฐมนตรีได้มอบหมายให้กรุงเทพมหานคร
21-21982-14.wav	ตำบลเสาเดียวอำเภอหนองหงส์จังหวัดบุรีรัมย์
21-21982-13.wav	ให้เอาผิดกับนางมานิตย์เต็มปักษีชาวบ้านหนองไผ่
21-21982-12.wav	ได้เข้าแจ้งความกับตำรวจสภ.หนองหงส์จังหวัดบุรีรัมย์
21-21981-1.wav	นี่ฮะเห็นไกลๆไหมฮะฝุ่นตลบแบบนั้นเลยนะครับเพราะว่ารถกระบะเนี่ยขึ้นไปเสยเกาะกลางนะฮะตรงถนนสุขุมวิทขาออกไปทางจังหวัดตราดในพื้นที่ของตำบลเกวียนหักอำเภอขลุงนะครับ
21-21979-60.wav	ธีรเดชวงศ์เฉลิมวัฒน์ถ่ายภาพทัศนัยโคตรทองรายงานสดจากถ้ำหลวงขุนน้ำนางนอนจังหวัดเชียงรายครับ
21-21979-1.wav	มีโอกาสไปคุยกับเอ่อจิตอาสาท่านหนึ่งเดินทางมาจากปักษ์ใต้
7-7544-6.wav	ให้กับประชาชนที่เดินทางมาจากต่างจังหวัด
7-7557-1041.wav	ก็ต้องเคยสังกัดข้ามสังกัดไปตำรวจท่องเที่ยวตำรวจน้ำบ้าง
21-21977-37.wav	ออกแถลงการณ์เรียกร้องให้นางสาวปารีณากล่าวคำขอโทษ
7-7557-1043.wav	จังหวัดภูเก็ตจากหลักเกณฑ์ในขณะนั้นที่ต้องเป็นรองผู้กำกับการ3ปี
7-7557-1062.wav	อยู่ในลำดับที่121ของนายตำรวจระดับรองผู้บัญชาการที่จะเลื่อนเป็นผู้บัญชาการต่อไป
7-7557-1090.wav	จึงไม่ตักต่างจากการย้อมแมวนายตำรวจที่ไม่ผ่านหลักเกณฑ์
21-21977-23.wav	ทนายอนันต์ชัยบอกว่าคือตอนนี้เนี่ยนะครับ
7-7544-32.wav	ส่วนประชาชนตากจากต่างจังหวัดนะครับที่เดินทาง
7-7557-1101.wav	นายตำรวจเหล่านี้ก็ได้รับการยกเว้นหลักเกณฑ์จนเบียดเข้ามาอยู่ท้ายตาราง
7-7557-1133.wav	แต่ประเด็นคือนายตำรวจที่ผมว่ามานี้
7-7557-1151.wav	ก็อาจจะเป็นของตำรวจนายอื่นๆ
7-7557-1244.wav	ก็ต้องตอบกับพี่น้องนายตำรวจทั่วประเทศ
7-7557-1247.wav	นายตำรวจที่ท่านยกเว้นหลักเกณฑ์ให้
7-7557-1249.wav	กว่านายตำรวจอื่นในประเทศนี้อย่างไร
21-21977-21.wav	ทนายอนันต์ชัยนะครับบอกว่าเดี๋ยวมันจะมีเพิ่มเติมอีกนะ
7-7557-1293.wav	ที่มีตำรวจ100นายได้รับผลกระทบ
7-7557-1387.wav	จังหวัดเชียงรายพรรคเพื่อไทยท่านประธานครับ
7-7557-1411.wav	จะดำเนินการคัดเลือกนายตำรวจชั้นสัญญาบัตรมาบรรจุลงในกองบัญชาการตำรวจมหาดเล็ก
7-7557-1530.wav	จำนวน1700นายนะครับ
7-7557-1550.wav	มีตำรวจ66นายนะครับ
7-7557-1582.wav	เท่านั้นยังไม่พอครับ66นายที่กรรมการตรวจสอบที่ผมพูดไปเมื่อกี้นะครับ
7-7557-172.wav	เพราะหลายคนอาจจะเข้าใจว่าการแต่งตั้งเลื่อนขั้นโยกย้ายนายตำรวจเป็นอำนาจหน้าที่ของผบ.ตร.ครับ
7-7557-188.wav	ท่านประธานครับความผิดปกติในการแต่งตั้งนายตำรวจที่ผมจะกล่าวถึงต่อไปนี้
7-7557-190.wav	คำสารภาพของนายตำรวจด้วยกันเองว่าเขาพูดเอาไว้อย่างไร
7-7557-193.wav	ท่านเป็นอดีตนายตำรวจยศพลตำรวจตรีครับ
7-7557-1951.wav	ส่วนท่านนายกรัฐมนตรีท่านจะตอบแค่ไหนเพียงไรก็เป็นสิทธิ์ของท่าน
7-7557-215.wav	ตามที่ระบุเอาไว้อ้างเหตุผลว่านายตำรวจดังกล่าวนะครับ
21-21976-123.wav	ตัวของนางสุพรรษาเองก็รู้จักรู้จัก
21-21976-119.wav	นางสุพรรษาบอกว่าผู้ก่อเหตุไม่ใช่ใครที่ไหน
21-21975-9.wav	เดินทางไปพบกับพันตำรวจเอกอลงกรณ์ศิริสงคราม
21-21975-8.wav	พร้อมด้วยนายอนันต์ชัยไชยเดชทนายความ
21-21975-7.wav	วันนี้นางสาวบุญศรีแล้วก็นางสาวรัตนฉัตรแสงหยกตระการ
7-7557-236.wav	จากนั้นเมื่อเรามาดูรายชื่อตำรวจ3นายครับ
7-7557-238.wav	คนแรกนะครับเดิมเป็นสารวัตรสังกัดกองบังคับการตำรวจท่องเที่ยว2
7-7557-262.wav	มามีอำนาจยุ่งเกี่ยวมาขอสนับสนุนให้กับนายตำรวจที่อยู่นอกหน่วยงานตัวเอง
7-7557-266.wav	ขอให้แต่งตั้งนายตำรวจนอกหน่วยตัวเอง
7-7557-273.wav	ว่ามีนายตำรวจระดับแค่ผู้บังคับการ
7-7557-406.wav	อธิบายง่ายๆนะครับการที่ตำรวจแต่ละนาย
7-7557-423.wav	ให้กับนายตำรวจทุกคนได้พิสูจน์ตัวเอง
7-7557-435.wav	ตำรวจแต่ละนายก็จะต้องมุ่งสร้างผลงาน
21-21975-45.wav	แต่เอาล่ะก็ยังให้โอกาสนางสาวรชนิกรคู่กรณี
7-7557-463.wav	ประชาชนก็จะสามารถพึ่งพาตำรวจทุกนาย
7-7557-606.wav	เป็นเพราะเขาคือนายตำรวจที่ถึงพร้อมทั้งในความสามารถและระเบียบวินัย
21-21975-40.wav	นางสาวรัตนฉัตรบอกว่าหลังเกิดเหตุคู่กรณี
7-7557-666.wav	ทีนี้ถ้าเราไปดูตามรายงานนะครับที่บันทึกไว้ที่ประชุมก็มีการหารือกันถึงกรณีของตำรวจนายอื่นครับ
7-7557-768.wav	ดังนั้นจึงมีความจำเป็นในการเอ่ยชื่อถึงนายตำรวจที่ได้รับผลกระทบ
21-21975-28.wav	คือนางสาวรชนิกรมาเลื่อนรถให้เพื่อไม่ให้ขวางประตูบ้าน
7-7557-794.wav	นายตำรวจนู่นๆนี่ๆพูดมาหมดแล้ว
7-7557-963.wav	จังหวัดเชียงรายพรรคเพื่อไทยในฐานะพรรคร่วมฝ่ายค้าน
21-21975-18.wav	กล่าวหาว่านางสาวมณีรัตน์กับพวกเนี่ย
16-16026-120.wav	นายจธีจะเข้าไปพูดคุยเคลียร์ปัญหากับนางสาวถวยที่หลังร้าน
7-7558-19.wav	หมายเลขทะเบียน85จำหมวดตัวอักษรกับจังหวัดไม่ได้
7-7558-1.wav	ว่าเกิดอะไรขึ้นนะคะที่จังหวัดยะลา
7-7560-16.wav	รวมไปถึงในบริเวณจังหวัดพัทลุงสงขลาปัตตานียะลานราธิวาส
7-7563-181.wav	เดี๋ยวคงจะไปดูไทยรัฐนิวโชว์คงจะมีการไล่เรียงแต่ละจังหวัดเป็นยังไง
21-21975-17.wav	และวันเกิดเหตุนางสาวรชนิกรก็เข้าแจ้งความกับตำรวจ
21-21975-15.wav	นางสาวมณีรัตน์ได้ใช้ขวานทุบรถของนางสาวรชนิกร
21-21975-11.wav	เพื่อไปแจ้งความเอาผิดกับนางสาวรชนิกรเลิศวาสนา
21-21974-8.wav	ส่วนรถกระบะคู่กรณีก็สภาพไม่ต่างกันเลยคุณผู้ชมนายวิรัตน์อายุสี่สิบเก้าปี
7-7563-184.wav	ปรากฏแม่เราพยายามจะพูดตั้งแต่ตอนที่มีการมีการเดินทางกลับต่างจังหวัดกันบ่อยเหมือนกันว่า
21-21973-7.wav	ของตำบลเมืองจังอำเภอภูเพียงจังหวัดน่าน
7-7563-630.wav	น้องเขาชื่อสมมุติชื่อน้องเขาเป็นเด็กม.6นายเอละกัน
21-21973-3.wav	นายนินนาทไชยธีระภิญโญรองประธานกรรมการบริษัทโตโยต้ามอเตอร์ประเทศไทย
16-16028-59.wav	เพื่อแจ้งให้ทราบว่าผู้ชายคนนี้มีหมายจับของจังหวัดภูเก็ตนะคะ
21-21972-58.wav	ส่วนดร.พี่เอ้หรือนายสุชัชวีร์สุวรรณสวัสดิ์
21-21970-24.wav	ได้แก่นายพิธาพลเอกประยุทธ์และพลตำรวจเอกเสรีพิศุทธ์
7-7564-18.wav	ญาติได้ช่วยกันนำตัวส่งโรงพยาบาลในจังหวัดลำพูนเพราะว่าพื้นที่มันใกล้กว่าโรงพยาบาลที่เชียงใหม่
7-7564-52.wav	แล้วก็รีบนำตัวส่งโรงพยาบาลให้เร็วที่สุดสำนักงานสาธารณสุขจังหวัดเชียงใหม่
21-21970-20.wav	อันดับ2นายพิธาลิ้มเจริญรัตน์ร้อย
7-7564-53.wav	เปิดเผยสถิติชาวบ้านในจังหวัดเชียงใหม่กินเห็ดพิษเสียชีวิตและเข้ารับการรักษานะครับ
16-16029-5.wav	ที่เรือนจำจังหวัดกระบี่
7-7564-8.wav	เป็นชาวไทยภูเขาเผ่าปกาเกอะญอในตำบลศพโขงอำเภออมก๋อยจังหวัดเชียงใหม่
21-21967-76.wav	สะดวกในการพักผ่อนและแนะนำให้เดินทางต่อในวันรุ่งขึ้น
7-7568-5.wav	แล้วหืมพ่อนี่ทำอะไรไม่ถูกเลยอ่ะไฟไหม้บ้านที่ตำบลแม่ลาวนะคะที่จังหวัดเชียงราย
21-21967-63.wav	ก็คือไล่ผู้โดยสารลงก็คือนายวันชัยแก้วเจริญ
7-7570-0.wav	กลับมาในช่วงนี้นะครับเดี๋ยวจะพาไปที่จังหวัดแรกก่อนเลย
7-7572-21.wav	ก็มีประชาชนชาวไทยเดินทางมาจากทุกคนทุกแห่งละฮะ
21-21967-59.wav	นางสาวพรพิมลกลิ่นหอมเป็นนายสถานี
7-7573-14.wav	ผู้สื่อข่าวนะครับไปพบคุณแม่ท่านนี้คือนางสาว
21-21967-53.wav	ชื่อว่านายวันชัยแก้วเจริญ
7-7574-49.wav	ของหาดชะอำแล้วก็จังหวัดเพชรบุรีมาก
7-7574-50.wav	ทางจังหวัดตอนนี้บอกว่าก็ต้องจัดระเบียบนะครับ
21-21967-126.wav	และทีนี้ก็มีญาติรับเดินทางต่อๆไปนะคะ
7-7580-3.wav	พระอารามหลวงอำเภอบางบัวทองจังหวัดนนทบุรี
21-21967-108.wav	เขาได้เดินทางไปที่ท่าเทียบเรือโดยสารเฟอร์รี่
21-21966-6.wav	รักษาเสร็จเธอจะนั่งรถทัวร์กลับบ้านคือที่จังหวัดเพชรบูรณ์
21-21966-42.wav	เธอชื่อนางสาวเจนจิตรเสนานุชอายุ35ปีเป็นชาวอำเภอหล่มเก่าจังหวัดเพชรบูรณ์ค่ะ
21-21966-3.wav	ผู้หญิงคนนึงเธอเป็นชาวจังหวัดเพชรบูรณ์เธอมีอาการป่วยเรื้อรังนะคะ
21-21965-6.wav	มีการนำเสนอแนวทางการเดินหน้าต่อฐานะพรรคการเมืองนายธนาธรบอกว่า
7-7583-14.wav	เหตุเทศบาลนครนครสวรรค์ตำบลปากน้ำโพอำเภอเมืองจังหวัดนครสวรรค์เนี่ย
7-7584-5.wav	เจ้าหน้าที่เทศบาลตำบลพลายชุมพลอำเภอเมืองจังหวัดพิษณุโลก
21-21965-4.wav	นำโดยธนาธรจึงรุ่งเรืองกิจว่าที่หัวหน้าพรรคนะครับแล้วก็นายปิยบุตรแสงกนกกุล
7-7585-27.wav	ที่อำเภอฉวางจังหวัดนครศรีธรรมราชครับ
7-7591-11.wav	ที่นี่ก็คือทุ่งนาในจังหวัดสิงห์บุรีนะครับ
7-7591-17.wav	เป็นงานประจำปีของจังหวัดสิงห์บุรี
7-7591-42.wav	ในคำขวัญของจังหวัดสิงห์บุรีเองก็ดีเนี้ย
21-21965-14.wav	แล้วก็จะไม่เล่นการเมืองแบบเก่าเช่นเดียวกันกับนายรณวิตหล่อเลิศสุนทรรองหัวหน้าพรรคก็บอกว่า
21-21965-13.wav	ด้านนายปิยบุตรบอกว่าพรรคอนาคตใหม่คือพื้นที่แห่งการที่รวมทุกคนทุกกลุ่ม
21-21963-4.wav	เสียชีวิตอยู่ในแม่น้ำอะค่ะนี่เป็นกล้องวงจรปิดหน้าโรงพยาบาลเจ้าพระยาอภัยภูเบศรอำเภอเมืองจังหวัดปราจีนบุรีผู้หญิงคนนี้อายุประมาณสามสิบค่ะอย่างที่เห็นจะรูปร่างท้วมๆหน่อยนะคะผมบ๊อบใส่เสื้อยืดแขนสั้นกางเกงสีน้ำตาลแบบสามส่วนใส่รองเท้าแตะเดินออกมาจากโรงพยาบาล
21-21963-0.wav	มาดูอีกหนึ่งเหตุการณ์ค่ะอันนี้เนี่ยมีภาพจากกล้องวงจรปิดอืมที่หน้าโรงพยาบาลนะคะโรงพยาบาลเจ้าพระยาอภัยภูเบศรที่จังหวัดปราจีนบุรี
21-21960-9.wav	พี่กานต์วิภากรแล้วก็น้องเสือเนี่ยทำหน้าที่ผู้จัดการคนใหม่ที่เดินทางไปกับพี่เสกด้วยทุกที่เลยนะคะ
21-21957-18.wav	แล้วไปพูดคุยกับนายยิ่งยศอินทร์มียืน
21-21955-9.wav	สองสามีภรรยานี้คือนายจรัญจีนแดงอายุ43ปี
21-21955-16.wav	ตำบลคลองแหอำเภอหาดใหญ่จังหวัดสงขลา
7-7953-122.wav	ตัวของนายมนตรีเองก็มีอาการเหนื่อยมีอาการไอเป็นบางครั้ง
21-21955-11.wav	แล้วก็นางดาวนางดารุณีฤทธิ์ประทีปอายุ53ปี
21-21954-46.wav	ที่ศูนย์ดำรงธรรมทุกจังหวัดทั่วประเทศนะคะ
21-21954-37.wav	พร้อมกับจ้างนายสราวุฒิและนายอิทธิคอยขับรถตระเวนเก็บเงินจากลูกหนี้
21-21954-35.wav	ดอกเบี้ยโหดจริงๆนายพงศ์พันธุ์นายทุนเงินกู้นอกระบบก็รับสารภาพค่ะ
21-21954-31.wav	ก่อนหน้านี้มีชาวบ้านในตำบลเขวาไร่อำเภอโกสุมพิสัยเนี่ยร้องเรียนที่ศูนย์ดำรงธรรมจังหวัดมหาสารคาม
21-21954-19.wav	แล้วก็ไปจับกุมนายพงศ์พันธุ์จีเมือง
21-21954-18.wav	กองกำลังรักษาความสงบเรียบร้อยประจำจังหวัดสนธิกำลังกัน
21-21952-36.wav	ยังไงซะอนุโมทนาสาธุด้วยก็ขอให้นางรำโชคดีกันไป
16-16039-17.wav	ซึ่งก่อนหน้านี้เองนะคะนายชัยวุฒิธนาคมานุสรณ์
21-21952-33.wav	เพราะจริงๆนางรำที่เขามากันเนี่ยเอาจริงๆเขาก็ได้สินน้ำใจ
21-21952-31.wav	แจกลอตเตอรี่กับนางรำให้ทุกคน
21-21952-11.wav	ได้รับเงินรางวัล12ล้านจัดมานางรำชุดใหญ่เต็มคาราเบล
21-21951-55.wav	และแจ้งข้อหาเพิ่มอีก1ข้อหากับนายธนากร
21-21950-15.wav	สมัยรัฐบาลนางสาวยิ่งลักษณ์ชินวัตรปรับค่าแรงขั้นต่ำ
21-21950-13.wav	มี5จังหวัดนะคะคือยะลาปัตตานีนราธิวาสน่านและอุดรธานีค่ะ
21-21944-9.wav	ก่อนที่จะเดินทางออกจากบ้านเพื่อมายังศาลเจ้าหรือวัดต่างๆ
21-21944-25.wav	จะมีชาวไทยเชื้อสายจีนเดินทางมากราบไหว้ขอพรเทพเจ้าต้อนรับสิ่งดีๆที่จะเกิดขึ้นในช่วงตรุษจีนนี้เป็นจำนวนมากค่ะ
21-21944-17.wav	ส่วนบรรยากาศการเดินทางมาซื้อของไหว้ที่เยาวราชในเช้ามืดนี้นะคะ
21-21944-12.wav	ที่ทุกๆปีจะมีชาวไทยเชื้อสายจีนเดินทางมากราบไหว้เทพเจ้า
21-21943-4.wav	หลังจากเจ้าหน้าที่ใช้อุปกรณ์ตรวจวัดพื้นที่โดยรอบเขาสนที่เป็นพื้นที่ของเขาสนฟาร์มครับคำยืนยันก็ออกมาแล้วครับว่าพื้นที่ทั้งหมดประมาณ691ไร่ของนางสาวปารีณาอาจจะเป็นพื้นที่ของหลวงอย่างแน่นอนครับแต่ยังไม่ขอระบุครับว่าจะเป็นพื้นที่ของป่าสงวนประมาณกี่ไร่และเป็นพื้นที่ของส.ป.ก.
21-21943-32.wav	เพื่อตรวจสอบว่าเป็นไปตามที่นางสาวปารีณาแจ้งบัญชีทรัพย์สินและหนี้สินไว้หรือไม่
21-21943-26.wav	หลังนางสาวปารีณาลดราคาขายเหลือเพียงกระสอบละ10บาท
21-21943-19.wav	ซึ่งในเรื่องนี้เป็นสาเหตุทำให้เรื่องที่ดินของนางสาวปารีณา
21-21943-0.wav	รับความกระจ่างจนทำให้มีการตั้งข้อสังเกตจากหลายฝ่ายว่าอาจจะมีการช่วยเหลือนางสาวปารีณาไกรคุปต์ส.ส.ราชบุรีพรรคพลังประชารัฐไม่ให้ถูกดำเนินคดีหรือถูกดำเนินคดีด้วยโทษสถานเบาเพื่อไม่ให้เป็นการลดความน่าเชื่อถือของรัฐบาล
21-21942-12.wav	ที่พัฒนาและนำความเจริญมาสู่จังหวัด
21-21942-0.wav	จากกรณีที่นายบรรหารศิลปอาชา
21-21941-8.wav	คือนางสาวเนติพรทองทรงวงศ์นะคะ
21-21941-6.wav	ที่นี่คือวัดโขดทิมทารามอยู่ที่อำเภอเมืองจังหวัดระยองค่ะ
21-21941-24.wav	จุดที่นางสาวเนติพรไปเจอแม่ชี
21-21940-8.wav	ตำบลตลาดไทรอำเภอชุมพวงจังหวัดนครราชสีมานะครับ
21-21940-7.wav	เหตุการณ์นี้เกิดขึ้นที่บ้านของนายสุทัศน์เสาะไธสงหมู่ที่สิบเก้า
21-21933-54.wav	การชกมวยไทยตามเวทีมวยต่างๆในจังหวัดเชียงใหม่มาแล้ว
21-21933-30.wav	หรือว่านางสาวอักษรภัคกับเพชรลีลาเพชรต้นผึ้งนะคะ
21-21932-5.wav	จะถูกรถชนนะคะในพื้นที่จังหวัดเชียงใหม่ค่ะ
21-21931-48.wav	ก็คือเป็นลูกหลานของนายตำรวจชั้นผู้ใหญ่จริงๆคุณผู้ชม
21-21930-0.wav	มาร่วมงานลอยกระทงค่ะในช่วงนี้นะคะหลายจังหวัดหลายพื้นที่ก็จัดงานเทศกาลลอยกระทงกันชื่นมื่นชื่นใจกันถ้วนหน้าค่ะ
21-21928-63.wav	ที่ยังคงพยายามขวนขวายเดินทางมาท่องเที่ยวที่ป่าที่นี่
21-21928-10.wav	ยอมรับว่าเขาไม่เคยท่องเที่ยวแบบซาฟารี
7-7591-69.wav	จึงได้รับการสนับสนุนจากประมงจังหวัด
7-7591-98.wav	นอกจากนี้เจ้าหน้าที่จากประมงจังหวัดสิงห์บุรี
7-7593-15.wav	ตำรวจภูธรวังน้ำเย็นจังหวัดสระแก้วเนี่ย
7-7593-28.wav	เจ้าหน้าที่เนี่ย200กว่านายเขาก็พยายามกดดันทั้งทางอากาศ
7-7593-35.wav	เดี๋ยวฟังค่ะเพราะว่ารองผู้การจังหวัดบอกว่านี่ไม่ใช่การมอบตัวแต่เป็นการควบคุมตัวได้
7-7607-48.wav	ในการเดินทางไปในในที่แบบนี้ครับ
7-7607-9.wav	ที่ติดอยู่ในถ้ำหลวงจังหวัดเชียงรายมากนะคะ
16-16046-13.wav	เพื่อไทยจะเสนอชื่อผมแทนชื่อพิธาในการโหวตนายกรอบ2
7-7608-16.wav	จับกุมเอาไว้เกือบ3000นายค่ะ
7-7609-3.wav	ข่าวใหญ่เลยแหละสายวันนี้ค่ะศาลจังหวัดฉะเชิงเทราพิพากษาจำคุก5ปี
7-7610-24.wav	สลายกลุ่มวัยรุ่นตรงนี้นะคะแล้วก็ให้แยกย้ายเดินทางกลับบ้าน
7-7610-3.wav	แล้วก็สนามแสดงช้างจังหวัดสุรินทร์จัดขึ้นก็เพื่อส่งเสริมการท่องเที่ยวด้วยนะฮะ
16-16046-36.wav	ส่วนนายภูมิธรรมเวชยชัยรองหัวหน้าพักแล้วก็หนึ่งในทีมเจรจาของเพื่อไทยเอง
7-7612-2.wav	ได้เดินทางไปบุกอาคารรัฐสภาเป็นการเข้าไปขัดขวาง
7-7613-23.wav	และจะมีการส่งมอบธงการแข่งขันกีฬาแห่งชาติครั้งต่อไปให้กับจังหวัดศรีสะเกษ
7-7614-10.wav	มีรถวิ่งตลอดทั้งคืนจะมีรถบรรทุกพืชผักจากจังหวัดอื่นๆ
16-16053-0.wav	มาดูเรื่องราวที่ชาวบ้านจังหวัดอ่างทองเขาฮือฮากันหน่อย
16-16053-12.wav	สำหรับการตีกลองยาวแล้วก็ยังมีคณะนางรำด้วย
16-16053-27.wav	อยากให้มีการตีกลองยาวพร้อมกับนางรำ
7-7619-0.wav	ส่วนข่าวนี้นี่นะคะก็ยังอยู่กันที่พื้นที่ภาคใต้ค่ะอยู่ที่จังหวัดตรัง
7-7619-20.wav	ตำรวจมา20กว่านายปิดล้อมหมดเลยนะ
16-16053-29.wav	ทางด้านนายทรงยศมะกรูดทองอายุ62ปี
7-7619-39.wav	ไปส่งศาลจังหวัดตรังไงแล้วก็มีตำรวจ3นายเดินประกบไปด้วย
16-16053-32.wav	ที่จะให้มีการตีกลองยาวพร้อมกับนางรำในงานศพ
7-7619-8.wav	ภาพที่ตำรวจสภ.กันตังที่จังหวัดตรังคุมตัวผู้ชายคนเนี้ย